0	0	最終日の登校を終えた彼女は、夏の間は自由になっていた。最後の登校日を終えた彼女は何をしたのでしょうか？	学校に戻った
1	1	ザルコとテイシェイラはマデイラの共同知事に任命され、ペレストレロはポルトサントを授与されました。ペレストレロがポルトサントを授与された後はどうなりましたか？	ペレストレロは働き始めました
2	0	ザルコとテイシェイラはマデイラの共同知事に任命され、ペレストレロはポルトサントを授与されました。ペレストレロがポルトサントを授与された後はどうなりましたか？	彼は7年休みました
3	1	デュラーの父は1502年に亡くなり、母は1513年に亡くなりました。デュラーの父が死んだ後、何があったのでしょうか？	デュラーの母はうつ病になった
4	0	家庭犬のミカがマーシャからジョーイを奪って食べようとしたことが何度かありました。ミカがジョーイを食べようとした後はどうなるのでしょうか？	ジョーイはミカの元へ逃げ帰る
5	0	アーサーの喉から発せられる音の物理的な波の前に、アランが身を縮めたような重いイントネーションで最後の言葉を話した。アーサーはアランと話した後、何をしたんですか？	彼は笑った
6	1	CIAは現在、9.11以前のアルカイダの活動を維持するために年間約3000万ドルの費用がかかっており、この資金はほとんど寄付によって集められていたと推定しています。9.11後、アルカイダの財政はどうなったのでしょうか？	深刻な打撃を受けました
7	1	CIAは現在、9.11以前のアルカイダの活動を維持するために年間約3000万ドルの費用がかかっており、この資金はほとんど寄付によって集められていたと推定しています。9.11後、アルカイダの財政はどうなったのでしょうか？	致命的な打撃を受けました
8	0	怪しい融資制度で彼女を利用した人たちの中には刑務所に送られた人もいました。彼らが刑務所に入れられた後、何があったのでしょうか？	アンケートを送った1500人のうち、回答したのは
9	0	彼女はランキプールでかつての恋人トム・ランサムと知り合い、今はアルコール依存症になっている。トムとの交際を再開した後、彼女に何が起こるのか？	彼女は彼の元を去る
10	1	トミーとスージー（兄妹）は、ある日の午後、ママとパパのヤンとディーンと一緒に遊び場に行きました。公園を出た後、彼らはどこへ行ったのでしょうか？	歩いて帰ってきました。
11	1	同組織ではすでに人員削減で何人かのスタッフを失い、いくつかのケースを辞退させていると彼女は言いました。組織がケースを辞退させるようになってから何が起こったのでしょうか？	彼らは収入を失った
12	1	このようにして、最も有力な一族は、日本の封建制の領地となる地域を自分たちのために切り開いたのである。これらの地域が切り開かれた後、何が起こったのでしょうか？	日本封建主義の領地となった。
13	1	夏の豪雨の後、濡れた道路から水蒸気が立ち上るのを見たことがある人は多いでしょう。暴風雨の後、道路はどうなったのでしょうか？	乾いてしまった
14	0	これはコインとしては驚異的な新記録だそうです。この記録が確立された後、何が起こったのでしょうか？	銀の記念硬貨には450万オンスが必要
15	0	私が長年扱ってきた問題は、人々が家や医療、仕事、家族などの生活の基本を維持できるように支援する側にあった。誰かの家を維持する手助けをした後は何が起こるのでしょうか？	ほとんど何もしない
16	1	私が長年扱ってきた問題は、人々が家や医療、仕事、家族などの生活の基本を維持できるように支援する側にあった。誰かの家を維持する手助けをした後は何が起こるのでしょうか？	感謝されます
17	0	次の日の夜、彼女は寿司、刺身、殻付きの牡蠣、水耕栽培のベッドから摘み取ったばかりの地球人の野菜が入った、きらびやかなストップボックスの山を持って到着しました。彼女が到着した後、何が起こったのでしょうか？	彼女は箱を投げ捨てました
18	1	次の日の夜、彼女は寿司、刺身、殻付きの牡蠣、水耕栽培のベッドから摘み取ったばかりの地球人の野菜が入った、きらびやかなストップボックスの山を持って到着しました。彼女が到着した後、何が起こったのでしょうか？	彼らは食べた
19	0	サフティはエスケス卿にエドウィナへの愛を認め、エスケス卿はこの善良な男の窮地に同情するようになりました。エドウィナに恋をした後、サフティは何をしましたか？	初めて彼女に会った
20	1	サフティはエスケス卿にエドウィナへの愛を認め、エスケス卿はこの善良な男の窮地に同情するようになりました。エドウィナに恋をした後、サフティは何をしましたか？	エスケス卿に告白
21	1	夜な夜な街を徘徊する男を題材にしている夜の街を徘徊していたことが発覚した後、何が起こるのか？	夜の街を徘徊していたことがわかり、警察に止められます。
22	1	夜な夜な街を徘徊する男を題材にしている夜の街を徘徊していたことが発覚した後、何が起こるのか？	夜の街を徘徊していたことが判明し、警察に止められます。
23	1	しかし、アルジェリア全体の政治運営を直接支配していたわけではない。政治運営の直接支配があった後、アルジェリアに何が起こったのか？	アルジェリア政府の転覆
24	1	2度目の世界貿易センター崩壊の後、ボストンセンターの管理者は、2機ともローガン空港を出発した大陸横断型767ジェット機であることを認識しました。ボストンセンターの管理者は、両機を認識した後、何をしたのでしょうか？	関係者に連絡しました
25	0	ジャクソン、ヴィックスバーグ、ハティスバーグ、オックスフォード、パスカグラの家庭内暴力の生存者は、すべての支援を受けることができます。彼らが支援を求めることができるようになったのは何があったのでしょうか？	ジャクソン氏は新しい当座預金口座を開設しました
26	0	プレゼントの中に自転車が入っているとしたらこの箱に入っているはずだとティムは知っていました。ティムが箱を見つけた後、何が起こったのでしょうか？	彼はそれを捨てました
27	1	プレゼントの中に自転車が入っているとしたらこの箱に入っているはずだとティムは知っていました。ティムが箱を見つけた後、何が起こったのでしょうか？	彼はそれを開けました
28	0	この戦争への嫌悪感から、アインシュタインは作家のアプトンシンクレアと映画スターのチャーリーチャップリンと仲良くなりました。どちらも平和主義で有名です。アインシュタインがその作家と仲良くなった後に何が起こりましたか？	彼はドイツに戻り、強制収容所で死亡した
29	1	私たちが言うところの「実験から製作までの時間」は、可能な限りゼロに近づけるべきだとケリー氏は述べています。ケリー氏が話した後、何が起こったのでしょうか？	多くの人が同意した。
30	0	ディグラーは著名なモデルとなり、ポルノ映画に出演し始めた後、彼のキャリアは飛躍しました。ディグラーのキャリアが飛躍した後に何が起こったのか？	彼は貧乏になった
31	0	一方、地所に住んでいる間、ネヴィルさんはその居住者の特にハーバートさんの義理の息子のタルマンさんと、かなりの評判を得ます。地所を出た後、彼はどこに行ったのでしょうか？	ガソリンスタンド
32	1	1930年までには、原材料の生産量は1900年の3倍になり、製造品は12倍に増加し、重工業は成熟に向かって疾走していました。原材料の生産が増加した後、何が起こったのでしょうか？	より多くの商品が生産された
33	0	1930年までには、原材料の生産量は1900年の3倍になり、製造品は12倍に増加し、重工業は成熟に向かって疾走していました。原材料の生産が増加した後、何が起こったのでしょうか？	生産は減少した
34	1	1930年までには、原材料の生産量は1900年の3倍になり、製造品は12倍に増加し、重工業は成熟に向かって疾走していました。原材料の生産が増加した後、何が起こったのでしょうか？	彼らはより多くのお金を儲けた
35	1	デュラーはアルベルティの客観的な美の概念を否定し、多様性に基づく相対主義的な美の概念を提案した。デュラーがアルベルティの概念を否定した後、何が起こったのでしょうか？	デュラーは自分のスタイルを見つけた
36	0	彼は、2000年秋にタリバンがプレデターを発見し、MiG戦闘機をスクランブルさせたことを思い出した。MiG戦闘機がスクランブルした後、何が起こったのでしょうか？	ソビエトは撤退を完了したと言った
37	1	池の周りを走り回って アヒルに向かって吠えていましたアヒルに向かって吠えた後 彼は何をしたのか？	家に帰った
38	0	エルドリッチオーブが柳の待つ手の中に沈み込むまで、彼は夜の間ずっと永遠に空に向かって上昇し続けていた。夜の前に何が起こったのか？	日食の始まり
39	0	最初の重要な発見を喜んだポルトガル王室は、すぐに植民地化計画に着手しました。ポルトガル人が新しい領土を植民地化しようとした後、何が起こったのでしょうか？	彼らは娯楽の王冠を失った
40	1	チャーチは生き返りますが、彼自身の邪悪な殻です。チャーチは次に何をしましたか？	悪いことをする
41	0	現在の使用率では、石炭は約300年持つと言われています。石炭が永遠には続かないことを知った後、人々は何をしたのでしょうか？	彼らは現在の高いレートを稼いだ
42	0	しかし、スルタン朝の重要人物は、ベンダハラ（首相）であり、軍の司令官でもあるトゥン・ペラックだった。ペラックが首相になった後、何が起こったのでしょうか？	スルタンが物議を醸した
43	1	しかし、スルタン朝の重要人物は、ベンダハラ（首相）であり、軍の司令官でもあるトゥン・ペラックだった。ペラックが首相になった後、何が起こったのでしょうか？	彼は国家のために重要な決定をした
44	0	マットの上で足を拭いた後、手を伸ばしてドアの真鍮製のノッカーに触れました。この後、何が起こるのでしょうか？	すぐに出て行ってしまった
45	0	電子スパイ活動は米国企業に年間数十億ドルのコストをかける可能性があるにもかかわらず、ほとんどの企業はまだ予防策を講じていないと専門家は述べています。損失を認識した後、米国は何をするのだろうか？	誤って続ける
46	0	電子スパイ活動は米国企業に年間数十億ドルのコストをかける可能性があるにもかかわらず、ほとんどの企業はまだ予防策を講じていないと専門家は述べています。損失を認識した後、米国は何をするのだろうか？	無謀な行動を続ける
47	0	彼女は飲みに行こうとしていて、人混みから抜け出したと言っていました。バーを出た後 彼女は何をしたんですか？	記念品を取りに行った
48	0	アルカイックの原住民は、狩猟と採集の文化を永続的に発展させ始めました。狩猟が成功した後 彼らは何をしていたのでしょうか？	飢え
49	1	バスに乗ったり、車に乗せられたりしたらどうする？バスに乗った後、あなたは何をしますか？	帰る
50	0	バスに乗ったり、車に乗せられたりしたらどうする？バスに乗った後、あなたは何をしますか？	バスを降りない
51	0	避難所にいた人たちは、この許可に基づいて航空機が撃墜されたのではないかと疑問に思った。機体が撃墜された後、何があったのか？	目的地に向かって飛び続けた
52	0	27％のケースでは、告訴が却下されたか、被告人が無罪となった。告訴が却下された後、または無罪判決を受けた後、被告人は何をしていたのでしょうか？	会社は2つの重罪を認めた。
53	1	27％のケースでは、告訴が却下されたか、被告人が無罪となった。告訴が却下された後、または無罪判決を受けた後、被告人は何をしていたのでしょうか？	家族の元に戻った
54	0	その間、赤井の妻、のぞみは十三と友達になり、幼い息子の世話を十三に任せようとする。十三がのぞみの息子を受け入れた後、どうなるのか？	映画化もしています。
55	0	その間、赤井の妻、のぞみは十三と友達になり、幼い息子の世話を十三に任せようとする。十三がのぞみの息子を受け入れた後、どうなるのか？	二人は昼寝をする
56	0	国土安全保障省のリーダーは現在、議会の88の委員会と小委員会に出廷しています。彼らはいつ委員会の前に現れるのでしょうか？	直前
57	0	さらに、ラスベガスは1909年にネバダ州の新しいクラーク郡の一部になり、この年、議会もギャンブルを非合法化しました。ギャンブルが非合法化されたとき、何が起こったのでしょうか？	人々は無関心だった
58	1	さらに、ラスベガスは1909年にネバダ州の新しいクラーク郡の一部になり、この年、議会もギャンブルを非合法化しました。ギャンブルが非合法化されたとき、何が起こったのでしょうか？	カジノ閉鎖
59	1	さらに、ラスベガスは1909年にネバダ州の新しいクラーク郡の一部になり、この年、議会もギャンブルを非合法化しました。ギャンブルが非合法化されたとき、何が起こったのでしょうか？	それは地下に潜りました。
60	0	グループは暗殺者に追われ、ロニーとリヤが殺されています。ロニーとリヤが殺された後、何が起こったのか？	彼は強盗を追いかけた
61	0	また、SECのファイリングによると、ニューマンは2010年3月にCEOに就任した際に540万ドルの長期報酬を受け取っているという。ニューマンが会社を去った後、何が起こったのか？	会社に戻った
62	0	彼には不思議に思えたが、去年の春にリビングで茶色い鶏のリンダを見た時ほどではなかった。茶色い鶏のリンダがリビングで見つかった後、何が起こったのでしょうか？	ニワトリは部屋に住んでいた
63	0	彼には不思議に思えたが、去年の春にリビングで茶色い鶏のリンダを見た時ほどではなかった。茶色い鶏のリンダがリビングで見つかった後、何が起こったのでしょうか？	ニワトリはこの部屋に住んでいた
64	1	フランスで多くの同僚や同時代の人を動揺させたこの本は、サルトルとの最後の別れをもたらした。彼の同僚が怒る前に何が起こったのでしょうか？	みんな仲良くなった
65	1	1990年にカイロ大学で建築工学の学位を取得した後、アッタはカイロで数年間都市計画家として働きました。アッタが都市計画家として働いた後、何があったのでしょうか？	昇進した
66	1	地球の歴史の中で、ある時期に非常に特徴的な化石を指標化石と呼びます。化石が発見された後、何が起こったのでしょうか？	化石はギャラリーに展示されていました。
67	0	ジェリーは桟橋に出て、お気に入りのエサであるチーズを投げます。桟橋から帰ってきた後、ジェリーは何をしましたか？	牛を料理しました。
68	0	これらのレンジャーは十分によく訓練されていたため、彼らのキャプテンのゲストについて公然と好奇心を持っているようには見えませんでした。レンジャーが訓練された後 何が起こったの？	好奇心がなくなった
69	1	ロベルタ・アダムスは、子供の親権のフォームに関する厚いハウツーガイドをスキップし、水曜日にオレンジのラモー司法センターでコンピュータの前に座っていました。ロベルタがコンピュータに座った後、何が起こったのでしょうか？	彼女は子供の研究を始めた - 親権法
70	0	ロベルタ・アダムスは、子供の親権のフォームに関する厚いハウツーガイドをスキップし、水曜日にオレンジのラモー司法センターでコンピュータの前に座っていました。ロベルタがコンピュータに座った後、何が起こったのでしょうか？	彼女は2人目の子供を期待していた
71	1	十三の中学生活を地獄のようなものにしていた赤井徹が上司であることが判明した。上司が赤井徹だと知った十三は何をしたのか？	ボスと戦う
72	1	マハリシ・マヘシ・ヨギに会った後、ビートルズはすぐにロンドンに戻り、記者会見では、彼らがマハリシを信頼したのは間違いだったと言っています。記者会見の後に何が起こったのか？	マハリシ・マヘシュ・ヨギは詐欺師と見られていた
73	0	大陸もまた、海の盆地よりもはるかに古いものが多いのです。大陸が存在する前に何があったのか？	人はクジラの上に住んでいた
74	0	通信のレターヘッドには、組織が廃止されたとしても、ベア郡法的援助の名前が付けられています。レターヘッドが印刷されたのはいつですか？	組織が閉じたとき
75	0	通信のレターヘッドには、組織が廃止されたとしても、ベア郡法的援助の名前が付けられています。レターヘッドが印刷されたのはいつですか？	５秒前
76	1	ジェノバ周辺の地域で、彼は絶望的な事業のように見えたものに近づくために1000人の兵士を登録しました。男たちが絶望的な事業に登録された後、何が起こったのでしょうか？	彼らは旅を続けた
77	1	ジェノバ周辺の地域で、彼は絶望的な事業のように見えたものに近づくために1000人の兵士を登録しました。男たちが絶望的な事業に登録された後、何が起こったのでしょうか？	彼らは旅に出た
78	0	ジェノバ周辺の地域で、彼は絶望的な事業のように見えたものに近づくために1000人の兵士を登録しました。男たちが絶望的な事業に登録された後、何が起こったのでしょうか？	彼らはこの旅に出ないことにしました
79	0	彼らは車に荷物を詰めて図書館に向かい、楽しい朝を迎える準備をしていました。朝の後、彼らは何をしたのでしょうか？	中国に行きました
80	0	また、当初のプログラムについても様々な提案をしてくれました。彼が提案を提出した後に何が起こったのでしょうか？	仕事をする時間がなかった
81	0	彼女は、子犬を飼うことができるならば、世話をするのを手伝うと言っていました。彼女はいつになったら子犬を飼えるのでしょうか？	9週間前
82	0	彼女は、子犬を飼うことができるならば、世話をするのを手伝うと言っていました。彼女はいつになったら子犬を飼えるのでしょうか？	昨日
83	0	峡谷の反対側には、同じ岩の層がはっきりと見えます。峡谷が分裂した時、何が起こったのでしょうか？	岩株が見られる。
84	0	峡谷の反対側には、同じ岩の層がはっきりと見えます。峡谷が分裂した時、何が起こったのでしょうか？	年に一度の分解が見られる。
85	0	そして、父親のふりをしてトラクターを運転しているふりをしていた。トラクターを運転するふりをした後、彼は何をしたのでしょうか？	と再び父親のふりをして
86	1	ジョーイは午後、彼らがよく遊んでいた野原や森のような場所で、彼のジャーマンシェパードを探していました。彼のジャーマンシェパードが見つかった後、ジョーイは何をしましたか？	ジョーイは嬉しそうに笑って犬を抱きしめていました。
87	0	瓶の空気とガラス越しに時計がカチカチと音を立てるのが聞こえました。時計はカチカチと音を立てた後、何をしたのでしょうか？	オレンツ氏は時計を回した
88	0	捨てるものの約3分の1は梱包材です。梱包材が捨てられた後はどうなるのでしょうか？	銀行員が回収します。
89	1	彼はまた、通過する船から貢物を恐喝するために海をパトロールするオラン・ラウット海賊を持っていた。彼は事前にオラン・ラウット以外の海賊をパトロールさせていたのか？	はい
90	0	メアリーがマックスの名前を呼ぶと、マックスはリスの元を離れ、喜んで尻尾を振ってメアリーの元に戻りました。マックスがメアリーのもとに戻った後、何が起こったのでしょうか？	彼は国を離れました
91	1	彼らが目を覚ますと、太陽が沈み始めていました。太陽が沈んだ後 何が起こったのでしょうか？	暗くなった
92	1	1945年のインタビューで、カミュはイデオロギーの関連性を否定した。「いいえ、私は実存主義者ではありません。」インタビューの後、何があったのでしょうか？	カミュは本の契約を受けた
93	0	私たちは「すべての人のための正義」を約束することがありますが、弁護士を雇う余裕がない人にとっては、その約束はしばしば嘘になります。すべての人のための正義が約束される前に何が起こったのでしょうか？	すべての人のための正義が約束された後、多くの不当な行為が発生し、それは私たちの国が約束をすることを余儀なくされた
94	1	キャンプファイヤーを作る場合は、まず大きな棒や丸太を積み上げるところから始めます。キャンプファイヤーを作った後は何をしますか？	焚き火で料理を作る
95	0	NEADSでは、ハイジャックの報告はすぐに戦闘指揮官ロバート・マー大佐に伝えられた。ハイジャックの脅威が報告された後、何が起こったのですか？	彼らは何もしなかった
96	0	NEADSでは、ハイジャックの報告はすぐに戦闘指揮官ロバート・マー大佐に伝えられた。ハイジャックの脅威が報告された後、何が起こったのですか？	米国はガダフィー大佐を暗殺する
97	0	メリディアン・ナショナル社は普通株750,000株をマカルパイン家の利益のために100万ドル、つまり1株あたり1.35ドルで売却したと述べた。この取引の後、メリディアン・ナショナル社の株価はどうなりましたか？	停滞したまま
98	1	その後、彼女はかなり気分が良くなって眠りにつきました。目覚めた後、彼女は何をしていたのでしょうか？	彼女はベッドから出ました
99	0	公式の死者数が女性66人、子供28人、男性20人を含む114人に達したと同省は発表した。この報告書を作成した後、同省は何をしたのか？	同省は役割を果たした
100	1	磁石は特定の物質に力をかけることができます。力がかかった後はどうなるのでしょうか？	それは磁石から引っ込む
101	0	このようにして、他の主要な議会の利害関係者を新しい委員会の仕事にまとめることができる。委員会の結成前に何があったのか？	彼らは昼寝をした
102	0	全国に広がっている公衆衛生の主要な取り組みをその州が最初に可決しました。その取り組みが可決される前に何があったのでしょうか？	他の大きな挫折があった
103	1	裁判所命令に違反して250ドル以上の罰金の支払いを命じられた被告はいなかった。判決が出た後、何が起こったのでしょうか？	被告人はともに罰金を支払いました。
104	1	裁判所命令に違反して250ドル以上の罰金の支払いを命じられた被告はいなかった。判決が出た後、何が起こったのでしょうか？	被告が罰金を支払った
105	0	ハミルトンは、自分たちのために自由を要求し、黒人に自由を許すことを拒否しているとして、彼の政敵を攻撃した。ハミルトンは政治家になる前は何をしていたのでしょうか？	弁護士として死去
106	0	ハミルトンは、自分たちのために自由を要求し、黒人に自由を許すことを拒否しているとして、彼の政敵を攻撃した。ハミルトンは政治家になる前は何をしていたのでしょうか？	家の所有者が購入希望者に売ることを拒否する
107	0	また、家の裏にある小さな森を通ってかくれんぼをするのも好きでした。かくれんぼをした後、彼らは何をしたのでしょうか？	かくれんぼゲームの前に空港に行ったよ。
108	1	また、家の裏にある小さな森を通ってかくれんぼをするのも好きでした。かくれんぼをした後、彼らは何をしたのでしょうか？	家に帰った
109	0	私がまだ爆発、乗組員の死、そして救助に巻き込まれていたことを考えると、それはどういうわけか関連性があるようには見えませんでした。乗組員の死後、何があったんですか？	クルーメイトがパーティーをした
110	0	これとは別に、シタデルは第3四半期に230万ドル（1株当たり68セント）の純損失を計上しましたが、前年同期は530万ドル（1株当たり1.61ドル）の純利益を計上しました。シタデルは第3四半期が終了する前に収益を報告しましたか？	はい、年初に報告しました。
111	1	サラは、その夜博物館を離れているシングルファーザーである管理者のマイケル・ピアースと付き合っています。マイケルが離れたことを知ったサラは何をしたのか？	サラは彼を呼んだ
112	1	彼らは初めて飛行機でヨーロッパを旅し、様々な人や景色を見てきました。飛行機が着陸した後に何が起こったのでしょうか？	彼らは探検していました
113	1	彼女が去る直前、ターシャは「あなたは芸術のために人生から盗むのよ、ベルナルド」と言った。ベルナルドは次に何をしたのでしょうか？	ターシャを自宅から追い出した。
114	0	二人は親しい友人になるが、秘密を明らかにしない。彼らは友達になった後、何をしていたのでしょうか？	彼らはお互いに殴り合った
115	0	二人は親しい友人になるが、秘密を明らかにしない。彼らは友達になった後、何をしていたのでしょうか？	彼らはそうしないことを選んだ
116	1	犬抑留所にいる子犬たちは皆、愛情のこもった家を必要としています。家が見つかった後はどうなりますか？	子犬は新しい家族と一緒に暮らすことになります。
117	1	例えば、銅製のペニーを酢の中に入れておくと、銅製のペニーについてしまったくすみを元に戻すことができます。銅製のペニーを酢の中に入れた後はどうすればいいのでしょうか？	そこに座らせる
118	0	例えば、銅製のペニーを酢の中に入れておくと、銅製のペニーについてしまったくすみを元に戻すことができます。銅製のペニーを酢の中に入れた後はどうすればいいのでしょうか？	オーブンに入れて乾燥させる
119	0	昨日の昼過ぎのロンドンでは、ラトナーズ株は2ペンス（1.26セント）上昇し、260ペンス（1.64ドル）となりました。株が上昇した後、何が起こったのか？	経済が崩壊した
120	0	移行があり、[クリニック]は、いくつかの空白を埋めるのに役立っていると、東部地区高等裁判所の管理者であるデニ・バトラーは述べています。移行後に何が起こったのか？	真空が始まった
121	1	移行があり、[クリニック]は、いくつかの空白を埋めるのに役立っていると、東部地区高等裁判所の管理者であるデニ・バトラーは述べています。移行後に何が起こったのか？	物事がよりスムーズに進みました。
122	0	びしょ濡れになった彼は、私が芝生の上でサンドイッチを食べているところに走ってきて、私の膝の上で丸くなったので、私は彼を気持ちよくさせてあげようとしました。彼が彼女の膝の上に横たわった後、何があったのでしょうか？	二人は家に帰りました
123	0	びしょ濡れになった彼は、私が芝生の上でサンドイッチを食べているところに走ってきて、私の膝の上で丸くなったので、私は彼を気持ちよくさせてあげようとしました。膝の上に横たわった後は？	足を床につけた
124	1	8月のミサイル攻撃の後、タリバンに圧力をかけるための外交的な選択肢は、軍事的な選択肢よりも有望ではないように見えた。空爆の後に何が起こったのか	たくさんの市民が死んだ
125	0	シェリーは全てのケージに行き、一匹一匹の子犬の目を見て、一匹一匹に話しかけました。子犬たちと話した後、シェリーは何をしたのでしょうか？	彼女はケージを蹴りました。
126	0	シェリーは全てのケージに行き、一匹一匹の子犬の目を見て、一匹一匹に話しかけました。子犬たちと話した後、シェリーは何をしたのでしょうか？	彼女は檻をを蹴りました。
127	0	シェリーは全てのケージに行き、一匹一匹の子犬の目を見て、一匹一匹に話しかけました。子犬たちと話した後、シェリーは何をしたのでしょうか？	お昼寝をしました。
128	0	敵の結束力にダメージを与えたフィリップは、彼の軍隊に前進を命じ、すぐに彼らを追い詰めた。フィリップは軍隊を追い詰めた後、何をしたか？	止まるように言った
129	1	敵の結束力にダメージを与えたフィリップは、彼の軍隊に前進を命じ、すぐに彼らを追い詰めた。フィリップは軍隊を追い詰めた後、何をしたか？	フィリップはさらに命令を出した
130	0	偵察船は、ビロードのような黒さの球体から現れた輝かしい斑点の穴から再び現れた。偵察船は次に何をしたのでしょうか？	それは数ヶ月間停止しました
131	0	氷河と呼ばれる巨大な氷床が、今日見られる土地に特徴をもたらしました。氷河が土地に特徴をもたらした後、何が起こったのでしょうか？	特徴は元の状態に逆戻りしました
132	0	氷河と呼ばれる巨大な氷床が、今日見られる土地に特徴をもたらしました。氷河が土地に特徴をもたらした後、何が起こったのでしょうか？	氷が2日間形成されました。
133	1	彼は30分ほど弾き語りを続けてノートを書き、二階の書斎に行き、エルザが料理を運んできてくれて二週間滞在しました。書斎を出た後はどうなったのでしょうか？	楽譜をマスターしていた
134	0	アナは、スペリングが上手になるように一生懸命勉強しました。アナは一生懸命勉強した後、何をしたのでしょうか？	レストランで働くのをやめた
135	0	擬テンソルのような非共変オブジェクトの使用は、1917年にエルヴィン・シュレディンガーなどによって強く批判されました。シュレディンガーが非共変オブジェクトの使用に反対した後、何が起こったのでしょうか？	彼らはさらに使われるようになった
136	0	擬テンソルのような非共変オブジェクトの使用は、1917年にエルヴィン・シュレディンガーなどによって強く批判されました。シュレディンガーが非共変オブジェクトの使用に反対した後、何が起こったのでしょうか？	より使われるようになった
137	1	もう一つの例としては、私はメイプルストリートとメインストリートの角にいます。どちらの通りも、あなたの町に住んでいる人にとっては参考になるかもしれません。彼らがメープルストリートとメインストリートに住居を構えた後、何が起こったのでしょうか？	彼らは自分たちの家を装飾した
138	0	もう一つの例としては、私はメイプルストリートとメインストリートの角にいます。どちらの通りも、あなたの町に住んでいる人にとっては参考になるかもしれません。彼らがメープルストリートとメインストリートに住居を構えた後、何が起こったのでしょうか？	引っ越しのトラックが必要になった
139	1	では、光が光沢のある表面に当たった後、光がどこに行くかはどうやって分かるのでしょうか？光が反射した後、光は何をするのでしょうか？	どこか他の場所に移動します
140	1	では、光が光沢のある表面に当たった後、光がどこに行くかはどうやって分かるのでしょうか？光が反射した後、光は何をするのでしょうか？	光はどこか他の場所に移動する
141	1	ナンディー二の後をつけていたジャアヌは、ナンディーニに恋をしていると思っていたプリータムを殴りつける。ジャアヌがプリータムを殴った後、何が起こったのか？	プリータムが逃げ出す
142	1	しかし今回は、匿名のアーティストが英国のブリストル美術館の館長と協力して活動しました。彼らが一緒に仕事をした後、何が起こったのでしょうか？	アーティストは多くの作品を制作しました。
143	0	半導体の研究開発に年間5億ドル以上を費やしている。開発段階が終わったらどうなるのでしょうか？	必ずまた使うことになる
144	0	ギャンブルが合法化されたことで、アメリカ全土で合法化が進みました。ギャンブルが合法化された後、何が起こったのでしょうか?	誰もがギャンブルを止めました。
145	1	そのために、植民地の歴史の中では比較的血の滲むようなエピソードが少なく成功した。成功した後はどうなったのか？	国が栄えた
146	0	一方、カイロ博物館に保管されていたプレムのミイラは、ハスミドがシュラウドの上で神聖な誓いを唱えた時に蘇った。プレムのミイラが生き返った後、何が起こるのか？	数学のテストがある
147	1	サフティ博士は命を救うことにとても忙しいので、病気になったエドウィナを個人的に世話をすることができません。エドウィナが病気になった後、何が起こったのか？	彼女は死にました
148	1	2008年の全豪オープン決勝でツォンガを破ったセルビア人は、オーストラリア人の18歳のベルナルド・トミックの夢の舞台に終止符を打った。セルビア人がツォンガを倒す前に何があったのか？	ツォンガが一番だった
149	0	長い目で見れば買うものが少なくなるので、資源だけでなくお金も貯められるようになります。お金を貯めた後はどうなるの？	インフレになってお金がなくなる
150	0	アレクサンダーはその後、マッサーガ、オラ、アオルノスの拠点で戦ったアサケノイと戦いました。アレクサンダーはアサケノイと戦った後、何をしたのでしょうか？	彼は逃げた
151	0	NMCCはホワイトハウスからユナイテッド航空93便のことを知りました。NMCCがユナイテッド航空93便の存在を知った後、何が起きたのでしょうか？	NMCCは情報を得てユナイテッド３１の調査を開始しました
152	0	NMCCはホワイトハウスからユナイテッド航空93便のことを知りました。NMCCがユナイテッド航空93便の存在を知った後、何が起きたのでしょうか？	ホワイトハウスが拒否権を維持する
153	1	我々の調査では、米国内の人物がハイジャック犯に多額の資金援助をしたという信憑性のある証拠はありませんでした。ハイジャック犯が捕まった後は何が起こったのでしょうか？	刑務所に入れられます
154	0	石蹴り遊びや縄跳びが好きなのですが、その日は鬼ごっこがしたかったのです。鬼ごっこの後は何をしていたのでしょうか？	大事な役割を果たしています。
155	0	彼らはパラメセワラに断ることのできない申し出をした：港の設備と毎年の金銭的な貢ぎ物と引き換えに、略奪するタイ人に対する中国の保護を求めた。その後どうなったのか？	申し出を断った
156	1	彼らはパラメセワラに断ることのできない申し出をした：港の設備と毎年の金銭的な貢ぎ物と引き換えに、略奪するタイ人に対する中国の保護を求めた。その後どうなったのか？	彼らは彼の申し出を受け入れた
157	1	アインシュタインはルイ・ド・ブロイの作品を発見し、最初は懐疑的に受け止められた彼のアイデアを支持しました。アインシュタインはルイの作品を発見し、支持した後に何をしたのでしょうか？	彼は発見して触発された
158	1	アインシュタインはルイ・ド・ブロイの作品を発見し、最初は懐疑的に受け止められた彼のアイデアを支持しました。アインシュタインはルイの作品を発見し、支持した後に何をしたのでしょうか？	彼は発見して影響を受けた
159	1	オープニングシーンでは、ランディ-モートンはウォルドルフで典型的な金曜日の午後を説明します。彼はウォルドルフを出た後、何をしましたか？	家に帰って休んだ
160	1	イランコントラの悪名高いオリバー・ノースは自分のコンピューターを消したと思っていたが、後にその情報は議会の委員会が読むために回収されたと言っています。議会委員会がデータを読んだ後に何が起きたのか？	彼らは情報を処理した
161	0	イランコントラの悪名高いオリバー・ノースは自分のコンピューターを消したと思っていたが、後にその情報は議会の委員会が読むために回収されたと言っています。議会委員会がデータを読んだ後に何が起きたのか？	彼は自分のコンピュータを消去した
162	0	イランコントラの悪名高いオリバー・ノースは自分のコンピューターを消したと思っていたが、後にその情報は議会の委員会が読むために回収されたと言っています。議会委員会がデータを読んだ後に何が起きたのか？	彼らはデータを削除した
163	1	記録によると、9時25分に始まり、CIA、FBI、国務省、司法省、国防省、FAA、ホワイトハウスのシェルターが含まれていました。それが始まった後、何が起こったのですか？	行動は記録されています
164	0	彼はお気に入りの椅子に飛び乗って、マギーがその下を走るのを見下ろした。その夜、彼は何をしたのでしょうか？	日の出を見ていた
165	0	マルチネスさんは医師の助手として2つの仕事をしながら、高齢の両親と8歳の息子をサポートしています。マルチネスさんは働いた後、何をしているのでしょうか？	一人の息子は自分のキャリアを犠牲にする
166	0	世界保健機関（WHO）の報告書によると、ペルシャ湾岸戦争で国の医療インフラの多くが破壊されました。インフラが破壊された後、何が起こったのでしょうか？	彼らはそれを放っておいた
167	0	フィンリーは、彼の悪行がバイオレットの悪行をはるかに上回っていることを後知恵でのみ認識している。それを悟った後、彼は何をしたのか？	彼は投票をイエスに変えた
168	1	ランサムは彼女だけでなく、彼への愛を宣言した若いファーン・サイモンの世話をしています。ランサムとファーンはどのようにしてお互いを愛するようになったのでしょうか？	二人は公園の近くで出会った。
169	0	原子の中には電子よりも陽子の方が多く存在します。電子の数が増えた後、何が起こったのでしょうか？	電子が死んだ
170	1	例外として、性的暴行や近親相姦、その他の法律違反による妊娠などがあります。法律違反の後に何が起こったのか？	加害者が起訴された
171	0	彼らが会ったとき、ジョンは彼の父が彼を見捨てたと非難するが、彼の父は「彼はそれをジョンに任せた」と言う。ジョンと父親は出会った後、何をしているのか？	別の家に行く
172	0	彼はイスラム教徒にとってアメリカ人を殺すのは、他の異教徒を殺すことよりも重要だと主張した。彼が主張を始めた後、何が起きたのですか？	何も
173	1	人は間違った方向に半マイル歩くかもしれません！間違った方向に歩いていたことに気付いた後、その人は何をするでしょうか？	振り返って、反対方向に歩いて戻ってきます。
174	0	彼女は落ち着かない野生の馬マジェスティックの話をし始めました。彼女が話した後、何が起こったのでしょうか？	彼女は募金活動組織に勤めていた。
175	1	その後、常務弁護士、上級弁護士、高齢化対策プロジェクトのディレクターを経て、昇進を果たしました。昇進した後は何をしていたのでしょうか？	新しい職場で働いていました。
176	1	その後、常務弁護士、上級弁護士、高齢化対策プロジェクトのディレクターを経て、昇進を果たしました。昇進した後は何をしていたのでしょうか？	キャリアを楽しんでいます
177	0	その後、常務弁護士、上級弁護士、高齢化対策プロジェクトのディレクターを経て、昇進を果たしました。昇進した後は何をしていたのでしょうか？	貰わなければよかったと思ったそうです。
178	0	その後、物語は1920年に進み、科学者のバジル・ウォルデン卿とビジネスマンのスタンリー・プレストンが墓を見つけた探検を示しています。科学者は遠征の後に何をしましたか？	地下室に住む
179	1	その後、物語は1920年に進み、科学者のバジル・ウォルデン卿とビジネスマンのスタンリー・プレストンが墓を見つけた探検を示しています。科学者は遠征の後に何をしましたか？	彼はそれについての本を出版した。
180	1	彼らのお母さんは、毎週火曜日のおはなしの時間に図書館に行ってもいいと言っていました。お話の時間の後はどうなるのでしょうか？	男の子は図書館で本を探します
181	1	彼らのお母さんは、毎週火曜日のおはなしの時間に図書館に行ってもいいと言っていました。お話の時間の後はどうなるのでしょうか？	彼らは家に帰ります
182	1	タージ・ジャクソンは同誌に語った。ママは私たちが本当の子供時代を過ごせるように、誕生日パーティーや野球、家族でのお出かけなどをしてくれました。タージ・ジャクソンと彼の家族は誕生日パーティーの前に何をしていたのだろうか？	パーティー用品を買う
183	0	フーバーダムの1935年の落成式に出席した大群衆は、今では手ごわい広報機を稼働させた。開通後、訪問者は何をしたのでしょうか？	開通後、訪問者はダムで泳いだ
184	1	外国人や産業スパイ、不満を持つ従業員による電子機器の盗難は、米国企業に何十億ものコストをかけ、国際的な競争力を蝕んでいます。電子機器の盗難が発生した後、何が起こるのでしょうか？	窃盗が報告される
185	1	外国人や産業スパイ、不満を持つ従業員による電子機器の盗難は、米国企業に何十億ものコストをかけ、国際的な競争力を蝕んでいます。電子機器の盗難が発生した後、何が起こるのでしょうか？	データが競合他社に売られる
186	0	ユドは答えます、「キリストの御座にあるのはキリストではありません。」教会の後、ユドは何をするのでしょうか？	パーティー
187	1	コリントでフィリップは、スパルタを除くほとんどのギリシャの都市国家を含む「ヘレニズム同盟」（グレコ・ペルシャ戦争の古い反ペルシャ同盟をモデルにしたもの）を設立した。同盟の前に何が起こったか。	同盟はなかった
188	1	祖父母は、肉体的、精神的、経済的な負担に加えて、法的な問題に直面しています。法的な問題に直面した後、祖父母は何をすべきか？	弁護士を雇う
189	1	祖父母は、肉体的、精神的、経済的な負担に加えて、法的な問題に直面しています。法的な問題に直面した後、祖父母は何をすべきか？	祖父母はパニックになる
190	1	ビリーはタンブルがオートミールを食べるのを見るのが大好きでした。オートミールを食べた後、タンブルは何をしていましたか？	朝ごはんを始めました。
191	0	ビリーはタンブルがオートミールを食べるのを見るのが大好きでした。オートミールを食べた後、タンブルは何をしていましたか？	1ヶ月を始めました。
192	1	エレン・ポラックの『性的神話の詩学』（1985年）は、教皇が女性を知性的にも肉体的にも男性よりも劣っているとみなす反フェミニストの伝統に従っていたことを論じている。エレンがこの本を作った後、何があったのか？	エレンがこの本を出版した後、教皇は批判された
193	0	ウェストバージニア大学法学部の女性党員集会の投票で選ばれ、表彰されました。受賞後、彼女は何をしていたのでしょうか？	法律を辞めた
194	1	ウェストバージニア大学法学部の女性党員集会の投票で選ばれ、表彰されました。受賞後、彼女は何をしていたのでしょうか？	自身の弁護士事務所を設立
195	1	ポモナでの法的援助の存在の欠如は、弁護士会と裁判所の役人が彼ら自身の月に一度の家族法クリニックを始めることを促しました。クリニックが開始された後、ポモナに何が起こったのでしょうか？	彼らは適切な法的代理権を持っている
196	0	ポモナでの法的援助の存在の欠如は、弁護士会と裁判所の役人が彼ら自身の月に一度の家族法クリニックを始めることを促しました。クリニックが開始された後、ポモナに何が起こったのでしょうか？	強盗が増えた
197	1	アーサーは、「では、なぜ」と突っ込みを入れた。「すべてを無視して、この迷信的な、病的な、異教的な戯言に戻るのですか？」そもそもアーサーはどうやって怒ったのですか？	彼は彼と意見が合わなかった
198	0	アーサーは、「では、なぜ」と突っ込みを入れた。「すべてを無視して、この迷信的な、病的な、異教的な戯言に戻るのですか？」そもそもアーサーはどうやって怒ったのですか？	あなたはこのすべてを見落としている
199	0	彼の民衆は彼を壊そうとしたが、彼は心が荒んでいた。どの時点で民は彼を壊そうとしたのでしょうか？	彼らが彼を受け取る前に
200	0	彼の民衆は彼を壊そうとしたが、彼は心が荒んでいた。どの時点で民は彼を壊そうとしたのでしょうか？	結局、彼らはあきらめた
201	0	彼の民衆は彼を壊そうとしたが、彼は心が荒んでいた。どの時点で民は彼を壊そうとしたのでしょうか？	夕食後
202	0	9.11テロが起きた時、副大統領の対策本部はちょうど動き出したところだった。9.11テロの後、政府は何を決めたのでしょうか？	何もしない
203	0	ロックスター志望のエースは、宇宙人が地球を侵略してきた時、ギターウルフのコンサートに向かう途中だった。エースがコンサートに行く前に何が起こったのか？	彼は教訓を得た。
204	1	ボストンセンターTMU [交通管理ユニット] ここで問題が発生しています問題が発見された後 何があったのですか？	TMUは警察を派遣して 調査と修正を行いました
205	1	ジョンソンは、カリフォルニア州第二地方控訴裁判所の判事です。ジョンソンが裁判所に到着した後 何が起こるのでしょうか？	彼は事件を裁定します
206	0	イラク戦争の退役軍人で私立探偵のスぺロ・ルーカスを主人公にした新シリーズの第一弾です。シリーズが放送される前に何があったのか？	俳優が映画で賞を受賞したこと
207	1	私たちの車がエンジンでガソリンを燃やすと、それが運動や熱に変換されます。エンジンがガソリンを燃やす前に何が起こるのでしょうか？	エンジンが始動する
208	1	私たちの車がエンジンでガソリンを燃やすと、それが運動や熱に変換されます。エンジンがガソリンを燃やす前に何が起こるのでしょうか？	エンジンがアイドル状態になる
209	0	ビンラディンと彼の側近は、アメリカへの攻撃計画の資金調達に大金を必要としませんでした。攻撃の前に彼らは何をしたのでしょうか？	やらないことにしました
210	1	ビンラディンと彼の側近は、アメリカへの攻撃計画の資金調達に大金を必要としませんでした。攻撃の前に彼らは何をしたのでしょうか？	彼らは攻撃を計画しました
211	0	ビンラディンと彼の側近は、アメリカへの攻撃計画の資金調達に大金を必要としませんでした。攻撃の前に彼らは何をしたのでしょうか？	彼らはこれをしないと決めました
212	1	これらの基準で測定した結果、当社の歴史上最高の安全実績を記録しました。記録的な年の後、会社は何をしたのでしょうか？	従業員にボーナスを支給
213	0	これらの基準で測定した結果、当社の歴史上最高の安全実績を記録しました。記録的な年の後、会社は何をしたのでしょうか？	彼らは事故を起こしました
214	0	到着すると、お城は想像以上に大きく見えました。見た後はどうなるのでしょうか？	堂々としている
215	0	到着すると、お城は想像以上に大きく見えました。見た後はどうなるのでしょうか？	経営破たん
216	1	例えば、図 2.20 のようなファーマーズ・マーケットで地元の農産物を買うとします。ファーマーズ・マーケットで農産物を買った後、何が起こったでしょうか？	家に持ち帰って料理の準備をした
217	1	アッタとオマリはポートランドからボストンのローガン国際空港に向かう午前6時の便に搭乗しました。飛行機が離陸した後、何が起こったのか？	ボストンに飛びました
218	1	私たちが重視してきたのは、潜在的なクライアントに私たちのことを知ってもらい、サービスを提供することだと、デュドヴィッツ氏は述べています。クライアントは、クライアントになる前に会社のことを知っていますか？	はい
219	1	その後、ポルトガル人探検家たちはマカオ（現在のマカオ）、コンゴ、そしてスーダンを含むアフリカの様々な地域に乗り出しました。スーダンを探検した後、何が起こったのでしょうか？	彼らは報告のために帰国しました
220	0	「おいしい朝ごはんを食べて」と聞いたことがある人は、それが理由です。良い朝食を食べた後に何が起こるのでしょうか？	より多くを食べます
221	1	地面は草木を支えることができるので、風の浸食では説明がつきません。地面が浸食された後、木はどうなるのでしょうか？	木が枯れる
222	1	地面は草木を支えることができるので、風の浸食では説明がつきません。地面が浸食された後、木はどうなるのでしょうか？	作物が倒れる
223	1	地面は草木を支えることができるので、風の浸食では説明がつきません。地面が浸食された後、木はどうなるのでしょうか？	倒れてしまいます。
224	1	ビンラディンが1991年から1996年までスーダンに住んでいたとき、彼はいくつかの事業やその他の資産を所有していました。ビンラディンはスーダンに移住した後、何をしていたのでしょうか？	彼は家を購入した
225	1	ビンラディンが1991年から1996年までスーダンに住んでいたとき、彼はいくつかの事業やその他の資産を所有していました。ビンラディンはスーダンに移住した後、何をしていたのでしょうか？	事業を設立
226	0	ハンター・ハスから、彼女はミセンハイマーのファイファー大学で学位を取得するために進みました。彼女がファイファー大学に通った後、何が起こったのでしょうか？	高校に進学しました
227	0	その後、彼らは山を越えて旅に出たところから、船に乗ってアフリカやアジアに行った。彼らは山を旅した後、何が起こったのでしょうか？	砂漠のツンドラに行って、27週間断食しました。
228	0	彼女がずっと持っていたので、今はこげ茶色になっています。彼女のものになる前に何があったのでしょうか？	彼女は文字通り緑の親指を持っていた
229	1	さらに彼は、コンピュータのメモリから「消去」された後に企業秘密を盗むための技術が今では存在すると言いました。ハッカーが企業秘密を盗んだ後に何が起こるか？	闇市場で売られる
230	0	さらに彼は、コンピュータのメモリから「消去」された後に企業秘密を盗むための技術が今では存在すると言いました。ハッカーが企業秘密を盗んだ後に何が起こるか？	昼寝をしている
231	1	やせ細ったきれいな女性が立ち上がって、両手を前に握りしめた。手を握り締めた後、彼女は何をしたのでしょうか。	観客に向かって話していました。
232	0	来年も少なくとも１８０件の事件を処理するのに役立つだろうと彼は見積もっています。お金が使えるようになる前に何があったのでしょうか？	彼らは引退した
233	0	丘の上の騒ぎに惹かれたのでしょう惹かれた後、彼は何をしたのでしょうか？	何が起きているのか気付きました
234	1	ミード湖は雇用を創出しただけでなく、今日ではネバダ州南部全域に水を供給する巨大な貯水池となっています。ミード湖ができた後、ネバダ州はどうなるのでしょうか？	ネバダ州は、この貯水池から水を受け取ります
235	1	重力ポテンシャルエネルギーを持つ人の例は、下の1.5図で見ることができます。この例を見て、典型的な人はどのような行動をとるでしょうか？	彼らはデータを学ぶ
236	0	はい、できます。なぜなら、密閉された宇宙ステーションや加圧スーツの中にいるからです。どちらの場合でも、空気の分子に囲まれています。加圧スーツの中に入るとどうなるのでしょうか？	呼吸ができなくなります。
237	1	最終日の登校を終えた彼女は、夏休みが空いていました。最終学校を終えた彼女は何をしていたのでしょうか？	楽しかった
238	0	最終日の登校を終えた彼女は、夏休みが空いていました。最終学校を終えた彼女は何をしていたのでしょうか？	彼女は学校に合格していた
239	0	ブライアン・エプスタインが亡くなった後、映画は1967年にジャンプします。ブライアン・エプスタインが亡くなった後に何があったのか？	1967/10/01
240	1	ブライアン・エプスタインが亡くなった後、映画は1967年にジャンプします。ブライアン・エプスタインが亡くなった後に何があったのか？	映画は1967年にジャンプした
241	0	その後、彼女は母親の二番目の夫の名前であるフォンテーヌという芸名を採用しました。芸名を与えられた後に何があったのでしょうか？	彼女と夫は車を必要としている。
242	1	ある日、ケビンはアメリカの自宅からイギリスのエリンの家に旅行に行きました。ケビンがイギリスに到着した後、何があったのでしょうか？	エリンと過ごした
243	0	爆発物を積んだ船をUSSコール号と並べて操縦し、乗組員に友好的なジェスチャーをして、爆弾を爆発させたのです。爆弾を爆発させた後、何が起きたのでしょうか？	彼らは昼寝をしました
244	1	続いてイエール、アンティーブ、ニースの他の港に到着しました。港に行く前はどこに行っていたのですか？	船に乗るために東海岸に行ったので港に行くことができた。
245	1	非常に平坦な地域の氾濫原では、洪水の水が土地の表面に広がる可能性があります。洪水の水が広がった後、何が起こるのでしょうか？	構造物が浸水する
246	1	続くチャエロネアの戦いでは、フィリップは右翼を、アレクサンダーは左翼を指揮し、フィリップの信頼する将軍たちを従えていた。戦いの後、アレクサンダーは何をしたのか？	アレクサンダーは傷を治療した
247	0	ジェリーは、トムの頭が360度回転するまで円を描くように泳ぎ、その後、再びつかまれています。ジェリーは円を描くように泳ぐ前に何が起こったのですか？	彼は1800ポンドを得た
248	0	1274年の蒙古襲来で鎌倉政権は弱体化した。蒙古襲来の前に何があったのでしょうか？	1990年（平成2年）のイラク侵略
249	1	勝利と災害：20世紀は、250年間の徳川の鎖国のために溜め込んでいたエネルギーが、驚異的に解放されたのです。20世紀の紛争の後に何が起こったのか？	平和
250	1	勝利と災害：20世紀は、250年間の徳川の鎖国のために溜め込んでいたエネルギーが、驚異的に解放されたのです。20世紀の紛争の後に何が起こったのでしょうか？	日本はグローバル化をより受け入れやすくなった
251	0	喜んで、プリータムは時計を探しに行き、それを持って帰ってきました。時計を持って帰ってきた後、プリータムは何をしましたか？	それは彼女の祖父のものでした。
252	1	喜んで、プリータムは時計を探しに行き、それを持って帰ってきました。時計を持って帰ってきた後、プリータムは何をしましたか？	彼女は腕時計を手首につけた。
253	1	何世紀にもわたって、ここでの生活は常に安定した移民の流れを引き寄せるほど簡単でした。移民が到着した後に何が起こったのでしょうか？	彼らはビジネスを始めました
254	1	何世紀にもわたって、ここでの生活は常に安定した移民の流れを引き寄せるほど簡単でした。移民が到着した後に何が起こったのでしょうか？	彼らはビジネスを始めました
255	0	これらの化石は、この地域全体がかつて海の底にあったことを示しています。化石が発見される前に何があったのでしょうか？	これらの2つの新しい群衆の家族が住んでいました
256	0	このプログラムは法律用語を避け、裁判所のビデオツアーを提供し、5年生の語彙にこだわっています。プログラムが作成された後、何が起こったのでしょうか？	合法・違法ビジネスを支配する真のマフィア
257	0	スペアは偉大な男を見て、真紅に染まって、彼の絶望の表情はゆっくりと消えて、彼の目には信じられないほどの希望と感謝が入ってきました。スペアの注意を引いた偉大な男は何をしたのだろうか？	腕立て伏せを少しした
258	0	スペアは偉大な男を見て、真紅に染まって、彼の絶望の表情はゆっくりと消えて、彼の目には信じられないほどの希望と感謝が入ってきました。スペアの注意を引いた偉大な男は何をしたのだろうか？	彼は槍の背中を刺した
259	1	そして、紀元前60万年には、現在の北京から南西に約50キロ（31マイル）のところに、人類の祖先は定住する準備ができていたのです。人類の祖先は定住した後、何をしていたのでしょうか？	社会を作った
260	0	しかし、シャーゼナンの軍隊が都市に到着する頃には、シェヘラザードの計画は成功していた。シェヘラザードの計画が成功した後、何が起こったのか？	街には千の病院のベッドがある
261	0	アメリカン航空１１便が南下したという報告が１回目、デルタ航空１９８９便が２回目でした。アメリカン航空11便が南下する前に何があったのか？	それは南からでした
262	0	アメリカン航空１１便が南下したという報告が１回目、デルタ航空１９８９便が２回目でした。アメリカン航空11便が南下する前に何があったのか？	会社は参加を否定しました
263	1	以前の貨幣記録保持者は、1999年に414万ドルで落札された1804年の米国銀ドルでした。銀ドルが売却された後、何が起こったのですか？	買い手がコインを回収しました。
264	1	立ち退きや虐待を伴う結婚から逃れようとしている人もいます。彼らがなんとか逃げ出したらどうなるのでしょうか？	彼らは人生を歩んでいく
265	0	タンブルは庭で外を歩き回ったり、小さな穴を掘って寝るのが好きでした。タンブルは外に出る前に何をしていたのでしょうか？	服を脱いだ
266	1	アランは再び彼の机の上にかがみ、ペンを手にして心を無にしたアランがペンを手にした後、何が起こったのでしょうか？	彼はノートに何かを走り書きした
267	0	ラットナーズのジェラルド・ラットナー会長は、この取引が ラットナーズにとって実質的な利益 であることに変わりはないと述べました。会長が話した後に何があったのか？	従業員は怒っていました
268	0	人間のオペレーターは、システムを監視し、エラーをキャッチし、生産工程を微調整して最大限の効率を上げるために存在します。人間のオペレーターは、仕事を終えると何をするのでしょうか？	宇宙に行く
269	0	人間のオペレーターは、システムを監視し、エラーをキャッチし、生産工程を微調整して最大限の効率を上げるために存在します。人間のオペレーターは、仕事を終えると何をするのでしょうか？	人間が仕事を離れると、オペレータは出航します。
270	1	ミンティーは個人事業でも大金を稼げたと同僚は言う。ミンティーは お金を稼いだ後 何をしていますか？	投資する
271	0	9.11に至るまでの間、アルカイダがどのようにして資金を調達していたのか、一般的な見当はついていますが、資金の出所は不明のままです。アルカイダが資金調達を始めたのはいつですか？	計画を実行した後
272	0	9.11に至るまでの間、アルカイダがどのようにして資金を調達していたのか、一般的な見当はついていますが、資金の出所は不明のままです。アルカイダが資金調達を始めたのはいつですか？	2006
273	0	9.11に至るまでの間、アルカイダがどのようにして資金を調達していたのか、一般的な見当はついていますが、資金の出所は不明のままです。アルカイダが資金調達を始めたのはいつですか？	2012
274	0	そして、緑のボールはオレンジのボールに「青いボールはバカだ」と言いました。緑のボールが青いボールのことを話した後、オレンジ色のボールは何をしたのでしょうか？	9時間そこに立っていた
275	0	そして、緑のボールはオレンジのボールに「青いボールはバカだ」と言いました。緑のボールが青いボールのことを話した後、オレンジ色のボールは何をしたのでしょうか？	3年間そこに立っていた
276	0	彼女は土を良くするために、ガーデンショップの特別な栽培用ミックスを入れています。栽培用ミックスを加えた後、何が起こったのでしょうか？	作物の成長が悪くなった
277	0	彼女は土を良くするために、ガーデンショップの特別な栽培用ミックスを入れています。栽培用ミックスを加えた後、何が起こったのでしょうか？	植物の成長が悪くなった
278	1	1975年に卒業後、オックスフォードで私立法律事務所に入り、1978年にNMRLSに入所しました。私立法律事務所に入った後の仕事は何をしていたのか？	問題解決
279	1	ジョーの両親は農家で、牛や鶏、アヒルなどを飼っている広大な農場を持っています。ジョーの両親は農家になる前は何をしていたのでしょうか？	学生
280	0	トクヴィルは議会制政府を提唱した古典的なリベラルであったが、極端な民主主義には懐疑的であった。彼が提唱をやめた後 トクヴィルに何が起こったのでしょうか？	彼は女性になった
281	0	公式な食事会がいつ、どこで行われているかはライトスクリーンが知らせてくれていたが、招待状を確認する気にはなれなかった。ライトスクリーンはいつ公式の食事に関する情報を提供しましたか？	毎月
282	0	IBMのテクノロジーグループを担当する上級副社長のジョン・ケリー氏は、テクノロジーでリードし、市場のハイパフォーマンスセグメントを攻略することが戦略の核心であると語った。ジョン・ケリー氏が戦略を発表した後、何が起こったのか？	彼らは昼寝をした
283	1	IBMのテクノロジーグループを担当する上級副社長のジョン・ケリー氏は、テクノロジーでリードし、市場のハイパフォーマンスセグメントを攻略することが戦略の核心であると語った。ジョン・ケリー氏が戦略を発表した後、何が起こったのか？	IBMは市場シェアを倍増させた
284	1	スペインの規則がポルトガルの不注意によるスペインの進行中の戦争への関与を招いた。スペインの口述に気づいた後、ポルトガルは何をしましたか？	彼らは戦争を「不道徳なもの」として特徴づけた。
285	1	しかし、戦後は何百万人もの避難民がホームレスとなり、飢餓状態に陥りました。人々がホームレスや飢餓に陥った後、何が起こったのでしょうか？	彼らは死にました
286	0	新しい小説の舞台は、道徳的にグレーで暴力的なことが多い世界である。平和が訪れた後、何が起こるのか	皆殺しにされた
287	0	新しい小説の舞台は、道徳的にグレーで暴力的なことが多い世界である。平和が訪れた後、何が起こるのか	小説は続く
288	1	市民の不服従を提唱した彼は有名な塩の行進を率いて海に行き、塩をすくい上げて嫌われていたイギリスの塩税を回避しました。彼が有名な塩の行進をした後、何が起こったのでしょうか？	彼は崇められた
289	0	市民の不服従を提唱した彼は有名な塩の行進を率いて海に行き、塩をすくい上げて嫌われていたイギリスの塩税を回避しました。彼が有名な塩の行進をした後、何が起こったのでしょうか？	人々に嫌われた
290	1	キリスト教がガリアに伝わったのは紀元1世紀のことである。伝わった後、何が起こったのでしょうか？	キリスト教が導入された後、キリスト教はより一般的になり始めました。
291	1	キリスト教がガリアに伝わったのは紀元1世紀のことである。伝わった後、何が起こったのでしょうか？	多くの人々が改宗した
292	1	ヘストンがローランドについて尋ねられたジョージタウン・ホヤのインタビューに関して、あなたはこう書いています：「[ヘストン]がカイラ・ローランドの事件を認めたという兆候はありません。」ローランドの事件は インタビューの前に始まったのか？	はい インタビューがそれに関係していたので
