0	1	第一次世界大戦から第二次世界大戦にかけて学校は不足していました。第二次世界大戦はいつから始まったのか？	1939年
1	0	これにより、地球の地殻が地域やプレートに分かれていることが発見されました。発見はいつ行われたのですか？	608年
2	1	これらの基準で測定した結果、当社の安全実績としては過去最高の年を記録しました。彼らの記録的な年はいつですか？	2018年
3	0	私たちは、潜在的なクライアントに私たちのことを知ってもらい、彼らにサービスを提供することに重点を置いてきました、とDudovitz氏は述べています。潜在的なクライアントに電話するのに最適な時間は何ですか？	20:00
4	1	その後、ポルトガル人探検家たちはマカオ（現在のマカオ）、コンゴ、そしてスーダンを含むアフリカの様々な地域に乗り出しました。探検家がマカオを訪れたのはいつですか？	1650年1月
5	0	カラドは、先にも述べたように、身元詐称事件で逮捕され、ビンラディンの助けを借りて解放されるまで、イエメンでの活動に協力しました。カラドが逮捕されたのは何年ですか？	1833年
6	1	カラドは、先にも述べたように、身元詐称事件で逮捕され、ビンラディンの助けを借りて解放されるまで、イエメンでの活動に協力しました。カラドが逮捕されたのは何年ですか？	1999年
7	1	重力ポテンシャルエネルギーを持っている人の例は、下の1.5図で見ることができます。最も見直されやすい例は何時頃でしょうか？	17時
8	0	ザルコとテイシェイラはマデイラの共同知事に任命され、ペレストレロはポルトサントを授与されました。式典はいつ行われましたか？	90年後
9	0	英国は、ハプスブルク家の原告の名でジブラルタルを押収し、戦争が終わったときにそれを保持しました。ジブラルタル戦争はいつイギリス人によって戦われましたか？	1997年
10	1	デュラーの父は1502年に亡くなり、母は1513年に亡くなりました。デュラーはいつ死んだの？	1528年4月6日
11	1	家庭犬のミカがマーシャからジョーイを奪って食べようとしたことが何度かありました。最後にミカがジョーイを食べようとした日は？	今日は
12	0	そこでこれからは、マーシャはジョーイがいつでも安全に過ごせるように特別な配慮をすることにしました。マーシャが特別な配慮をすることにしたのはどんな日だったのでしょうか？	標準的な鉛筆を作るには5つのステップが必要
13	1	怪しい融資制度で彼女を利用した人たちの中には刑務所に送られた人もいました。彼らは何時に刑務所に送られたの？	午後４時
14	0	コロンビアでは、国を掌握して民主主義を破壊しようとしている麻薬資金のゲリラの中には、カストロが明らかに支援しているM-19が含まれています。ゲリラがコロンビアに最初に現れたのはいつ頃だったのだろうか。	あした
15	0	トミーとスージー（兄妹）は、ある日の午後、ママとパパのヤンとディーンと一緒に遊び場に行きました。彼らは何時に遊び場を出たのでしょうか？	5時間おき
16	0	トミーとスージー（兄妹）は、ある日の午後、ママとパパのヤンとディーンと一緒に遊び場に行きました。彼らは何時に遊び場を出たのでしょうか？	夜中の12時
17	0	アインシュタインは、量子論と力学（まさに彼が作成に貢献した理論）に不満を持っていた、他の物理学者によって受け入れられているにもかかわらず、神は サイコロで遊んでいない と述べています。アインシュタインはいつ物理学に取り組んだのですか？	240年前
18	1	アインシュタインは、量子論と力学（まさに彼が作成に貢献した理論）に不満を持っていた、他の物理学者によって受け入れられているにもかかわらず、神は サイコロで遊んでいない と述べています。アインシュタインはいつ物理学に取り組んだのですか？	彼は30歳だったとき
19	0	同組織ではすでに人員削減で何人かのスタッフを失い、いくつかのケースを辞退させていると彼女は言いました。いつから人員削減が始まったのでしょうか？	前世紀
20	1	このようにして、最も有力な一族は、日本の封建制の領地となる地域を自分たちのために切り開いたのである。このような計画を立てたのは何時頃だったのでしょうか？	午前8時
21	1	このようにして、最も有力な一族は、日本の封建制の領地となる地域を自分たちのために切り開いたのである。このような計画を立てたのは何時頃だったのでしょうか？	午前9時
22	0	例えば、ケーキをオーブンに入れて、長すぎて放置してしまった場合はどうでしょうか？あなたなら何時にケーキをオーブンに入れますか？	午前2時
23	1	次の日の夜、彼女は寿司、刺身、殻付きの牡蠣、水耕栽培のベッドから摘み取ったばかりの地球人の野菜が入った、きらびやかなストップボックスの山を持って到着しました。彼女は何時に到着したのでしょうか？	午後6時
24	0	次の日の夜、彼女は寿司、刺身、殻付きの牡蠣、水耕栽培のベッドから摘み取ったばかりの地球人の野菜が入った、きらびやかなストップボックスの山を持って到着しました。彼女は何時に到着したのでしょうか？	午前3時
25	1	サフティはエスケス卿にエドウィナへの愛を認め、エスケス卿はこの善良な男の窮地に同情するようになりました。サフティがエドウィナに恋をしたのはいつですか？	2年前です。
26	0	彼はまた彼のところに来ることを約束します。彼は何時に来るのでしょうか？	昨日
27	1	その状況に留まることを余儀なくされているように感じるからです彼らはいつから 強制されていると感じ始めたのでしょうか？	２週間前
28	1	しかし、アルジェリア全体の政治運営を直接支配していたわけではない。アルジェリアの政治運営に対する支配権はいつ獲得したのでしょうか？	40299年
29	0	2度目の世界貿易センター崩壊の後、ボストンセンターの管理者は、2機ともローガン空港を出発した大陸横断型767ジェット機であることを認識しました。飛行機が世界貿易センターに墜落したのは何時だったのでしょうか？	午後1時
30	0	2度目の世界貿易センター崩壊の後、ボストンセンターの管理者は、2機ともローガン空港を出発した大陸横断型767ジェット機であることを認識しました。飛行機が世界貿易センターに墜落したのは何時だったのでしょうか？	午前1時00分
31	0	それは巨大で非効率的なもので、彼女はおもちゃにこんなに多くのペソを使うべきではなかったのだが、パパはそれを返品させてくれなかった。彼女は何時にお店でこのおもちゃを購入したのでしょうか？	彼女がお店でおもちゃを買ったのは何時だったのでしょうか？
32	1	それは巨大で非効率的なもので、彼女はおもちゃにこんなに多くのペソを使うべきではなかったのだが、パパはそれを返品させてくれなかった。彼女は何時にお店でこのおもちゃを購入したのでしょうか？	彼女は午後5時にお店でおもちゃを購入しました。
33	0	ジャクソン、ヴィックスバーグ、ハティスバーグ、オックスフォード、パスカグラの家庭内暴力の生存者は、すべての支援を受けることができます。支援はいつから始まりましたか？	最後の一時間
34	0	ジャクソン、ヴィックスバーグ、ハティスバーグ、オックスフォード、パスカグラの家庭内暴力の生存者は、すべての支援を受けることができます。支援はいつから始まりましたか？	1分前です
35	0	プレゼントの中に自転車が入っているとしたらこの箱に入っているはずだとティムは知っていました。ティムは何時に箱を押収しましたか？	2分おきに
36	0	この戦争への嫌悪感から、アインシュタインは作家のアプトンシンクレアと映画スターのチャーリーチャップリンと仲良くなりました。どちらも平和主義で有名です。アインシュタインは、いつその作家と仲良くなったのですか？	3:00 AM
37	1	私たちが言うところの「実験から製作までの時間」は、可能な限りゼロに近づけるべきだとケリー氏は述べています。ケリー氏は何時に発言したのでしょうか？	午前11時30分
38	1	私たちが言うところの「実験から製作までの時間」は、可能な限りゼロに近づけるべきだとケリー氏は述べています。ケリー氏は何時に発言したのでしょうか？	ケリーは午後１２時に話した
39	0	ディグラーは著名なモデルとなり、ポルノ映画に出演し始めた後、彼のキャリアは飛躍しました。ディグラーがモデルを始めたのはいつですか？	3時間前
40	1	一方、地所に住んでいる間、ネヴィルさんはその居住者の特にハーバートさんの義理の息子のタルマンさんと、かなりの評判を得ます。ネヴィルさんは何年住んでいたの？	1960年から1965年まで
41	1	1930年までには、原材料の生産量は1900年の3倍になり、製造品は12倍に増加し、重工業は成熟に向かって疾走していました。一日のうち何時に製造が行われていたのでしょうか？	午後1時
42	0	1930年までには、原材料の生産量は1900年の3倍になり、製造品は12倍に増加し、重工業は成熟に向かって疾走していました。一日のうち何時に製造が行われていたのでしょうか？	金曜の夕方か土曜の朝
43	1	1930年までには、原材料の生産量は1900年の3倍になり、製造品は12倍に増加し、重工業は成熟に向かって疾走していました。一日のうち何時に製造が行われていたのでしょうか？	朝から晩まで
44	0	そして歩道を飛び跳ねて彼に見せようとしました。彼は何時に歩道を飛び跳ねたのでしょうか？	午前３時
45	1	そして歩道を飛び跳ねて彼に見せようとしました。彼は何時に歩道を飛び跳ねたのでしょうか？	午後３時
46	0	ルグリオはニチアとルクレツィアが子供を産むことを切望していることをカリマコスに通知します。ルグリオはいつカリマコスに知らせたのですか？	5.56年前
47	1	池の周りを走り回って アヒルに向かって吠えていました彼は何時にアヒルに向かって吠えたのでしょうか？	午後4時
48	0	彼の生年月日の推定は 1世紀以上の差があります彼が生まれたのは何時だったのでしょうか？	彼は生まれていない
49	1	彼の生年月日の推定は 1世紀以上の差があります彼が生まれたのは何時だったのでしょうか？	午後4時
50	0	最初の重要な発見を喜んだポルトガル王室は、すぐに植民地化計画に着手しました。ポルトガル人が最初に新しい領土の植民地化を試みたのは何年だったのでしょうか？	1900年
51	0	スポンティーニの最高のオペラの一つは、たくさん誤って結婚して離婚に熱心なジョン・ミルトンの人生を基にしていますが、彼はエラール家のメンバーを妻に迎えました。ミルトンはいつ結婚したのでしょうか？	午前12時
52	0	スポンティーニの最高のオペラの一つは、たくさん誤って結婚して離婚に熱心なジョン・ミルトンの人生を基にしていますが、彼はエラール家のメンバーを妻に迎えました。ミルトンはいつ結婚したのでしょうか？	最初の火曜日の朝、彼が仕事をしていた時
53	0	チャーチは生き返りますが、彼自身の邪悪な殻です。チャーチは何時に彼の最も邪悪な仕事をしましたか？	彼が10時間前に
54	1	現在の使用率では、石炭は約300年持つと言われています。石炭はどのくらいの期間、産業用に使用されてきたのでしょうか？	文字通り何百年も
55	0	現在の使用率では、石炭は約300年持つと言われています。石炭はどのくらいの期間、産業用に使用されてきたのでしょうか？	43.33年
56	0	現在の使用率では、石炭は約300年持つと言われています。石炭はどのくらいの期間、産業用に使用されてきたのでしょうか？	130週間
57	1	しかし、スルタン朝の重要人物は、ベンダハラ（首相）であり、軍の司令官でもあるトゥン・ペラックだった。ペラックが首相になったのはいつですか？	1950年以降
58	0	しかし、実際には、私たちは経済的価値観だけを気にしているかのように行動することがあまりにも多いのです。私たちはいつ経済的価値観だけを気にしているのでしょうか？	日曜日
59	0	マットの上で足を拭いた後、手を伸ばしてドアの真鍮製のノッカーに触れました。あなたは一日の何時にこれをしていますか？	午前12時
60	1	マットの上で足を拭いた後、手を伸ばしてドアの真鍮製のノッカーに触れました。あなたは一日の何時にこれをしていますか？	午後6時
61	0	電子スパイ活動は米国企業に年間数十億ドルのコストをかける可能性があるにもかかわらず、ほとんどの企業はまだ予防策を講じていないと専門家は述べています。電子スパイ活動はいつから始まったのでしょうか？	10分前
62	0	電子スパイ活動は米国企業に年間数十億ドルのコストをかける可能性があるにもかかわらず、ほとんどの企業はまだ予防策を講じていないと専門家は述べています。電子スパイ活動はいつから始まったのでしょうか？	昨年
63	0	彼女は飲みに行こうとしていて、人混みから抜け出したと言っていました。彼女が飲みに行ったのはいつでしょうか？	午前10時
64	0	マレーシアで、パウエルは1981年から同国を率いてきたマハティール・モハマド首相と会談した。パウエルと首相はいつ会ったのか？	首相とパウエルが会ったのは1981年以前
65	0	トニーとアリーはホップスコッチや縄跳びなど他のゲームが好きだったが、その日は鬼ごっこに参加することになった。鬼ごっこは何時から始まったのでしょうか？	午前3時30分
66	0	バスに乗ったり、車に乗せられたりしたらどうする？その日の最初のバスは何時頃になるのでしょうか？	午後8時
67	1	バスに乗ったり、車に乗せられたりしたらどうする？その日の最初のバスは何時頃になるのでしょうか？	朝の6:00
68	1	最後は、ラジオを聴きながら走り去っていく。昼休みに車を止めたのは何時だったのでしょうか？	午後1時
69	1	避難所にいた人たちは、この許可に基づいて航空機が撃墜されたのではないかと疑問に思った。機体が撃墜されたのは何時だったのか？	午前3時
70	1	避難所にいた人たちは、この許可に基づいて航空機が撃墜されたのではないかと疑問に思った。機体が撃墜されたのは何時だったのか？	午前1時
71	1	避難所にいた人たちは、この許可に基づいて航空機が撃墜されたのではないかと疑問に思った。機体が撃墜されたのは何時だったのか？	午前4時
72	0	彼は、より「道徳的に許容される」習慣を守りながら、ダヤックスの海賊行為と首狩りを止めようとした。彼はいつも何時に話すのですか？	午後１１時
73	1	彼は、より「道徳的に許容される」習慣を守りながら、ダヤックスの海賊行為と首狩りを止めようとした。彼はいつも何時に話すのですか？	午前１１時
74	1	国土安全保障省のリーダーは現在、議会の88の委員会と小委員会に出廷しています。出廷はいつから始まったのでしょうか？	数年前です
75	0	かわいい赤いボールが青いボールに転がって挨拶をしました。赤いボールが青いボールのところに転がってきたのはいつですか？	挨拶をした後
76	1	彼らはヤムイモやキビの焼畑農業を実践していましたが、これは土壌を消耗させ、あるジャングルの更地から別のジャングルの更地へと半遊牧民のような生活を強いていました。ヤムイモとキビはいつ頃植えるのか？	夏に
77	0	彼らはヤムイモやキビの焼畑農業を実践していましたが、これは土壌を消耗させ、あるジャングルの更地から別のジャングルの更地へと半遊牧民のような生活を強いていました。ヤムイモとキビはいつ頃植えるのか？	冬に
78	0	グループは暗殺者に追われ、ロニーとリヤが殺されています。暗殺者はいつからそのグループを追いかけ始めたのでしょうか？	明日
79	1	地元の弁護士会や合併に反対した他の人々からの善意を必要とするいくつかのステップはまだ行われていない。いつになったら地元の弁護士会に声をかけてくれるのだろうか。	一週間後
80	0	フランスで多くの同僚や同時代の人を動揺させたこの本は、サルトルとの最後の別れをもたらした。この本はいつ出版されたのですか？	6030
81	0	フランスで多くの同僚や同時代の人を動揺させたこの本は、サルトルとの最後の別れをもたらした。この本はいつ出版されたのですか？	652
82	0	フランスで多くの同僚や同時代の人を動揺させたこの本は、サルトルとの最後の別れをもたらした。この本はいつ出版されたのですか？	18090
83	1	協定にはパラオへの米国の援助も含まれているが、その詳細についてはまだ詰めていないと京田氏は述べた。協定は何時に成立したのか？	午後2時
84	0	協定にはパラオへの米国の援助も含まれているが、その詳細についてはまだ詰めていないと京田氏は述べた。協定は何時に成立したのか？	午前4時
85	1	地球の歴史の中で、ある時期に非常に特徴的な化石を指標化石と呼びます。その化石はいつ発見されたのでしょうか？	4年前
86	0	地球の歴史の中で、ある時期に非常に特徴的な化石を指標化石と呼びます。その化石はいつ発見されたのでしょうか？	午前10時00分
87	0	地球の歴史の中で、ある時期に非常に特徴的な化石を指標化石と呼びます。その化石はいつ発見されたのでしょうか？	午前2時00分
88	1	ジェリーは桟橋に出て、お気に入りのエサであるチーズを投げます。ジェリーが桟橋に行ったのはいつですか？	午前9時
89	0	ついにルクレツィアと寝たカリマコは、すべてを告白する。カリマコがルクレツィアと寝たのはいつですか？	10年前
90	0	これらのレンジャーは十分によく訓練されていたため、彼らのキャプテンのゲストについて公然と好奇心を持っているようには見えませんでした。レンジャーは何曜日に訓練を受けたのですか？	土曜の早い時間
91	0	ロベルタ・アダムスは、子供の親権のフォームに関する厚いハウツーガイドをスキップし、水曜日にオレンジのラモー司法センターでコンピュータの前に座っていました。ロベルタは、いつラモー司法センターに到着したの？	10:00 PM
92	0	ロベルタ・アダムスは、子供の親権のフォームに関する厚いハウツーガイドをスキップし、水曜日にオレンジのラモー司法センターでコンピュータの前に座っていました。ロベルタは、いつラモー司法センターに到着したの？	1:00 AM
93	1	マハリシ・マヘシ・ヨギに会った後、ビートルズはすぐにロンドンに戻り、記者会見では、彼らがマハリシを信頼したのは間違いだったと言っています。ビートルズはいつ記者会見を開きましたか？	2:00 PM
94	0	マハリシ・マヘシ・ヨギに会った後、ビートルズはすぐにロンドンに戻り、記者会見では、彼らがマハリシを信頼したのは間違いだったと言っています。ビートルズはいつ記者会見を開きましたか？	彼らがロンドンに戻った後の第二
95	0	今までペットを飼ったことはなかったが、近所で他の犬や猫を見てはいつも興奮していた。彼が最もよく犬や猫を見るのはいつなのでしょうか。	学校の前の世紀の間
96	1	有罪判決を受けた者の大半は、裁判費用と１００ドルの罰金の支払いを命じられた。裁判はいつ終了しましたか？	午後２時
97	0	有罪判決を受けた者の大半は、裁判費用と１００ドルの罰金の支払いを命じられた。裁判はいつ終了しましたか？	2分半前
98	0	以前は、1株あたり13.65ドル、つまり2,900万ドルを現金で提供していました。1株あたり13.65ドルの提供をやめたのはいつのことでしょうか？	株は1.52の価格を無期限に維持しています
99	0	通信のレターヘッドには、組織が廃止されたとしても、ベア郡法的援助の名前が付けられています。どのくらい前に組織は廃止されましたか？	15秒
100	1	通信のレターヘッドには、組織が廃止されたとしても、ベア郡法的援助の名前が付けられています。どのくらい前に組織は廃止されましたか？	2年前
101	0	化石は、人間がゆっくりと散発的に発展してきたという曖昧な物語を語っています。典型的な化石発掘は何時から始まるのでしょうか？	8:00 PM
102	1	彼らは車に荷物を詰めて図書館に向かい、楽しい朝を迎える準備をしていました。図書館に着いたのはいつですか？	午前10時
103	1	彼らは車に荷物を詰めて図書館に向かい、楽しい朝を迎える準備をしていました。図書館に着いたのはいつですか？	午前9時
104	0	そうだ、セルフ、この観察では、クローゼットや地下室、倉庫に忘れ去られた食べかけのチーズサンドや、不完全な昆虫採集、幼児の髪の毛などを無視していることも気になる。誰かがチーズサンドを食べたのはいつですか？	7年前
105	1	歩く時は、食べたものからの化学エネルギーを使います。何時に食べましたか？	朝の6時
106	0	峡谷の反対側には、同じ岩の層がはっきりと見えます。峡谷はいつ分裂したのでしょうか？	去年
107	0	峡谷の反対側には、同じ岩の層がはっきりと見えます。峡谷はいつ分裂したのでしょうか？	最後の一時間
108	0	峡谷の反対側には、同じ岩の層がはっきりと見えます。峡谷はいつ分裂したのでしょうか？	先週
109	1	そして、父親のふりをしてトラクターを運転しているふりをしていた。彼がトラクターを運転するふりをしたのは何時だったのでしょうか？	午後4時
110	0	ジョーイは午後、彼らがよく遊んでいた野原や森のような場所で、彼のジャーマンシェパードを探していました。ジョーイは何時に彼のジャーマンシェパードを見つけたのでしょうか？	午前1時
111	1	彼は、ショーの到着が迫っていることを知っている美術館のスタッフは数人しかいなかったので、厳しい警備の下で36時間の間に彼の芸術で建物の3つの階を埋めました。ショーはいつ開始されますか？	午後1時
112	1	彼は、ショーの到着が迫っていることを知っている美術館のスタッフは数人しかいなかったので、厳しい警備の下で36時間の間に彼の芸術で建物の3つの階を埋めました。ショーはいつ開始されますか？	午後2時00分
113	1	捨てるものの約3分の1は梱包材です。梱包材はいつ捨てられたのでしょうか？	一日中
114	0	捨てるものの約3分の1は梱包材です。梱包材はいつ捨てられたのでしょうか？	一晩中
115	1	彼はまた、通過する船から貢物を恐喝するために海をパトロールするオラン・ラウット海賊を持っていた。最後に海賊が通りすがりの船から貢物を集めたのはいつですか？	1週間前
116	1	メアリーがマックスの名前を呼ぶと、マックスはリスの元を離れ、喜んで尻尾を振ってメアリーの元に戻りました。マックスは何時にメアリーのもとに戻ってきたのでしょうか？	午後5時
117	1	特に著者は「支配」と呼ぶものと、「植民地化」と呼ぶものを区別している。著者は何時にこれを書いたのだろうか？	午後1時
118	0	副大統領の指導は、私たちが彼らを連れ出す必要があるということでした。いつ連れ出すんだ？	今から2秒後
119	0	1990年代の都市部への大きな人口移動に伴い、教育の提供も変容を遂げてきた。これらの地域では、ほとんどの教育は定期的に何時に始まりましたか？	午前2時33分
120	0	1990年代の都市部への大きな人口移動に伴い、教育の提供も変容を遂げてきた。これらの地域では、ほとんどの教育は定期的に何時に始まりましたか？	午前5時00分
121	0	同じ量の物質が今も存在しているのだから、物質は保存されていると言えます。誰かが物質についてこの結論を導き出したのはいつ頃でしょうか？	問題が解決した
122	0	彼らが目を覚ますと、太陽が沈み始めていました。太陽が沈み始めたのは何時でしたか？	午後１５時
123	1	彼らが目を覚ますと、太陽が沈み始めていました。太陽が沈み始めたのは何時でしたか？	午後6時
124	1	弓矢で狩りをしていた臆病で穏やかな遊牧民は、帆を装備したアウトリガーカヌーに乗ってやってきた頑丈な移民の波によって、海岸から追い出された。遊牧民はいつ彼らの土地から追い出されたのでしょうか？	4世紀後半
125	1	レッサムの逮捕に続き、FBIは前代未聞の数の特別な盗聴を要求しました。FBIは何時に特別な盗聴許可を申請したのでしょうか？	午後2時
126	1	1945年のインタビューで、カミュはイデオロギーの関連性を否定した。「いいえ、私は実存主義者ではありません。」このインタビューはいつ放送されたのですか？	午後7時
127	0	これでは二階にいることができなくなってしまった、と彼は前腕の傷跡を指差しながら言った。彼が引っ越しを決意したのはいつですか？	20週間で
128	1	これでは二階にいることができなくなってしまった、と彼は前腕の傷跡を指差しながら言った。彼が引っ越しを決意したのはいつですか？	前腕を切られてから１ヶ月以内に退去しました
129	0	これでは二階にいることができなくなってしまった、と彼は前腕の傷跡を指差しながら言った。彼が引っ越しを決意したのはいつですか？	20年後
130	1	NEADSでは、ハイジャックの報告はすぐに戦闘指揮官ロバート・マー大佐に伝えられた。その脅威が報告されたのはいつですか？	午後8時00分
131	1	メリディアン・ナショナル社は普通株750,000株をマカルパイン家の利益のために100万ドル、つまり1株あたり1.35ドルで売却したと述べた。メリディアン・ナショナル社が株式を売却したのはいつですか？	先月
132	0	メリディアン・ナショナル社は普通株750,000株をマカルパイン家の利益のために100万ドル、つまり1株あたり1.35ドルで売却したと述べた。メリディアン・ナショナル社が株式を売却したのはいつですか？	最初の10年間
133	0	その後、彼女はかなり気分が良くなって眠りにつきました。彼女はいつ寝たのでしょうか？	彼女が気分が良くなる前に
134	0	その後、彼女はかなり気分が良くなって眠りにつきました。彼女はいつ寝たのでしょうか？	2秒後
135	1	公式の死者数が女性66人、子供28人、男性20人を含む114人に達したと同省は発表した。死者が出始めたのはいつですか？	2週間前
136	0	公式の死者数が女性66人、子供28人、男性20人を含む114人に達したと同省は発表した。死者が出始めたのはいつですか？	2時間前
137	0	公式の死者数が女性66人、子供28人、男性20人を含む114人に達したと同省は発表した。死者が出始めたのはいつですか？	数分前です
138	0	磁石は特定の物質に力をかけることができます。力はどのような時にかかったのでしょうか？	力がかかったことはありませんでした
139	1	全国に広がっている公衆衛生の主要な取り組みをその州が最初に可決しました。その取り組みは何の日に可決されたのでしょうか？	水曜日に
140	0	裁判所命令に違反して250ドル以上の罰金の支払いを命じられた被告はいなかった。罰金の支払い期限はいつですか？	午前５時
141	1	裁判所命令に違反して250ドル以上の罰金の支払いを命じられた被告はいなかった。罰金の支払い期限はいつですか？	6週間後
142	0	裁判所命令に違反して250ドル以上の罰金の支払いを命じられた被告はいなかった。罰金の支払い期限はいつですか？	次の1分
143	1	また、家の裏にある小さな森を通ってかくれんぼをするのも好きでした。彼らは何時にかくれんぼをしていたのでしょうか？	午後1時
144	0	また、家の裏にある小さな森を通ってかくれんぼをするのも好きでした。彼らは何時にかくれんぼをしていたのでしょうか？	午前1時
145	1	それらは非常に平坦な地域で、非常に豊かな土壌を持っています。豊かな土壌が発見されたのはいつですか？	5年前です
146	0	これとは別に、シタデルは第3四半期に230万ドル（1株当たり68セント）の純損失を計上しましたが、前年同期は530万ドル（1株当たり1.61ドル）の純利益を計上しました。シタデルが第3四半期に損失を計上したのはいつですか？	午後11時00分
147	0	これとは別に、シタデルは第3四半期に230万ドル（1株当たり68セント）の純損失を計上しましたが、前年同期は530万ドル（1株当たり1.61ドル）の純利益を計上しました。シタデルが第3四半期に損失を計上したのはいつですか？	午前4時00分
148	0	サラは、その夜博物館を離れているシングルファーザーである管理者のマイケル・ピアースと付き合っています。マイケルはいつ博物館に戻ってくるのか？	2分後
149	1	サラは、その夜博物館を離れているシングルファーザーである管理者のマイケル・ピアースと付き合っています。マイケルはいつ博物館に戻ってくるのか？	明日の朝
150	0	これはまだ石器時代のことですが、人々は桑の葉で育てた虫が出す糸で絹を作っていたと考えられています。人はいつ頃から糸を作っていたのでしょうか？	鉄器時代以降
151	1	クリスティーズでは、アルフレッド・スティグリッツの「Equivalents」シリーズの版画21点のフォリオが、単品で39万6,000ドルで落札されました。この版画はいつ頃売れたのでしょうか？	午後12時00分
152	0	彼女は数年前、学校のエルダー・ロー・クリニックで同じような役職に就いていました。彼女が最後にオフィスを出たのは 何時でしたか？	午前１時
153	0	彼女は数年前、学校のエルダー・ロー・クリニックで同じような役職に就いていました。彼女が最後にオフィスを出たのは 何時でしたか？	午前２時
154	1	アレクサンダー2世の死は、改革運動に大きな挫折をもたらした。アレクサンダー2世はいつ亡くなったのでしょうか？	1881年3月13日
155	1	アレクサンダー2世の死は、改革運動に大きな挫折をもたらした。アレクサンダー2世はいつ亡くなったのでしょうか？	1881
156	0	アレクサンダー2世の死は、改革運動に大きな挫折をもたらした。アレクサンダー2世はいつ亡くなったのでしょうか？	ラストアワー
157	0	消化器の主な器官には、口、食道、胃、小腸・大腸などがあります。消化器系の地図が最初に作成されたのはいつですか？	先月
158	0	消化器の主な器官には、口、食道、胃、小腸・大腸などがあります。消化器系の地図が最初に作成されたのはいつですか？	19日目に
159	0	ピカソはなんとか建物に入ることができたが、十字架でヌネマーチャーを殺すことはできず、ケインに撃たれて逃げ出した。いつピカソはヌネマーチャーを殺そうとしたのか？	毎日
160	0	彼らは初めて飛行機でヨーロッパを旅し、様々な人や景色を見てきました。彼らは普段何時に飛行機に乗っていたのでしょうか？	先週
161	0	彼女が去る直前、ターシャは「あなたは芸術のために人生から盗むのよ、ベルナルド」と言った。ターシャが話したのは何時だったか？	ターシャが話したのは午前５時、ベルナルドがコンサートに行っている間だ。
162	0	二人は親しい友人になるが、秘密を明らかにしない。二人は何時にランチを食べに行くのでしょうか？	午前12時
163	0	王子様やお姫様たちは、鳥や虫や花や根っこや貝殻の良さを判断していました。鳥や虫や花や根や貝殻の良さを判断したのはいつ頃でしょうか？	あした
164	0	犬抑留所にいる子犬たちは皆、愛情のこもった家を必要としています。子犬たちが養子に出されたのはいつですか？	子犬が生まれてすぐの頃
165	0	犬抑留所にいる子犬たちは皆、愛情のこもった家を必要としています。子犬たちが養子に出されたのはいつですか？	生後8時間になったとき
166	1	見守る母は、男たちと神の道を学ぶ。母親は何時に見ていたのでしょうか？	午後8時
167	1	その9ヶ月以上後の2000年10月12日にアルカイダの工作員が爆発物を積んだ小舟で米海軍駆逐艦USSコールを攻撃しました攻撃は何時からはじまったのか？	午後2時
168	0	移行があり、[クリニック]は、いくつかの空白を埋めるのに役立っていると、東部地区高等裁判所の管理者であるデニ・バトラーは述べています。デニ・バトラーはいつこのように言ったのでしょうか？	毎年第二金曜日
169	1	移行があり、[クリニック]は、いくつかの空白を埋めるのに役立っていると、東部地区高等裁判所の管理者であるデニ・バトラーは述べています。デニ・バトラーはいつこのように言ったのでしょうか？	先週
170	1	びしょ濡れになった彼は、私が芝生の上でサンドイッチを食べているところに走ってきて、私の膝の上で丸くなったので、私は彼を気持ちよくさせてあげようとしました。彼が彼女の膝の上に横たわったのは何時頃だったのでしょうか？	午後４時
171	1	びしょ濡れになった彼は、私が芝生の上でサンドイッチを食べているところに走ってきて、私の膝の上で丸くなったので、私は彼を気持ちよくさせてあげようとしました。彼が彼女の膝の上に横たわったのは何時頃だったでしょうか？	午後３時
172	0	シェリーは全てのケージに行き、一匹一匹の子犬の目を見て、一匹一匹に話しかけました。シェリーはいつ子犬たちに話しかけたのでしょうか？	シェリーは午前3時に子犬たちのところに行きました。
173	1	敵の結束力にダメージを与えたフィリップは、彼の軍隊に前進を命じ、すぐに彼らを追い詰めた。フィリップの部隊が動き出したのは何時だったか？	午前5時00分
174	1	偵察船は、ビロードのような黒さの球体から現れた輝かしい斑点の穴から再び現れた。船が出港したのは何時頃だったのか？	午前8時00分
175	0	マッサーガの砦が縮小されたのは、アレクサンダーが足首に重傷を負った血なまぐさい戦闘の数日後のことだった。戦闘はいつから始まったのでしょうか？	5日前
176	1	第三に、クトゥブが神とサタンの間の闘争として考えたものには、中間点は存在しない。闘争は何日に始まったのか？	日曜日
177	1	氷河と呼ばれる巨大な氷床が、今日見られる土地に特徴をもたらしました。氷河が土地の特徴に影響を与え始めたのはいつですか？	数千万年前
178	1	アナは、スペリングが上手になるように一生懸命勉強しました。アナは普段何時頃に勉強していましたか？	朝の8時
179	1	アナは、スペリングが上手になるように一生懸命勉強しました。アナは普段何時頃に勉強していましたか？	夜の8時
180	1	擬テンソルのような非共変オブジェクトの使用は、1917年にエルヴィン・シュレディンガーなどによって強く批判されました。シュレディンガーが疑テンソルを意識したのはいつ頃でしょうか？	1914
181	0	もう一つの例としては、私はメイプルストリートとメインストリートの角にいます。どちらの通りも、あなたの町に住んでいる人にとっては参考になるかもしれません。この町に引っ越してきたのはいつ頃でしょうか？	この二つ目の
182	1	もう一つの例としては、私はメイプルストリートとメインストリートの角にいます。どちらの通りも、あなたの町に住んでいる人にとっては参考になるかもしれません。この町に引っ越してきたのはいつ頃でしょうか？	先週
183	0	半導体の研究開発に年間5億ドル以上を費やしている。開発段階はいつ終了すると予想されていますか？	1世紀
184	1	そのために、植民地の歴史の中では比較的血の滲むようなエピソードが少なく成功した。彼らがそれは成功したと実感したのは何曜日だったでしょうか？	水曜日
185	0	サフティ博士は命を救うことにとても忙しいので、病気になったエドウィナを個人的に世話をすることができません。エドウィナが病気になったのはいつですか？	5秒前
186	0	サフティ博士は命を救うことにとても忙しいので、病気になったエドウィナを個人的に世話をすることができません。エドウィナが病気になったのはいつですか？	三年前
187	0	2008年の全豪オープン決勝でツォンガを破ったセルビア人は、オーストラリア人の18歳のベルナルド・トミックの夢の舞台に終止符を打った。セルビア人が優勝を宣言したのは何の日だったのでしょうか？	最後のオーストラリア予算
188	1	アレクサンダーはその後、マッサーガ、オラ、アオルノスの拠点で戦ったアサケノイと戦いました。アレクサンダーがアサケノイと戦ったのはいつですか？	紀元前340年7月
189	1	アナはこの最後の単語を綴るだけで優勝していました。スペリング大会は何時だったのでしょうか？	午前10時00分
190	1	我々の調査では、米国内の人物がハイジャック犯に多額の資金援助をしたという信憑性のある証拠はありませんでした。調査が開始されたのはいつですか？	午前9時00分
191	1	石蹴り遊びや縄跳びが好きなのですが、その日は鬼ごっこがしたかったのです。いつから鬼ごっこを始めたのでしょうか？	朝10時から遊び始めました。
192	0	彼らはパラメセワラに断ることのできない申し出をした：港の設備と毎年の金銭的な貢ぎ物と引き換えに、略奪するタイ人に対する中国の保護を求めた。彼らはいつパラメスワラに尋ねたのでしょうか？	午前2時頃
193	0	彼らはパラメセワラに断ることのできない申し出をした：港の設備と毎年の金銭的な貢ぎ物と引き換えに、略奪するタイ人に対する中国の保護を求めた。彼らはいつパラメスワラに尋ねたのでしょうか？	午前4時頃
194	0	彼らはパラメセワラに断ることのできない申し出をした：港の設備と毎年の金銭的な貢ぎ物と引き換えに、略奪するタイ人に対する中国の保護を求めた。彼らはいつパラメスワラに尋ねたのでしょうか？	午前3時頃
195	0	第5章の初めに、ハリド・シェイク・モハメッドとともに、アルカイダの作戦調整役となった2人の男を紹介した。カラドとナシリです。カラドとナシリはいつ紹介されるのでしょうか？	第１８章で
196	0	第5章の初めに、ハリド・シェイク・モハメッドとともに、アルカイダの作戦調整役となった2人の男を紹介した。カラドとナシリです。カラドとナシリはいつ紹介されるのでしょうか？	第１０章の後です
197	0	アインシュタインはルイ・ド・ブロイの作品を発見し、最初は懐疑的に受け止められた彼のアイデアを支持しました。アインシュタインがルイの作品を発見したのはいつですか？	1990年代に
198	0	アインシュタインはルイ・ド・ブロイの作品を発見し、最初は懐疑的に受け止められた彼のアイデアを支持しました。アインシュタインがルイの作品を発見したのはいつですか？	アインシュタインは2019年にルイの仕事を設立
199	0	アインシュタインはルイ・ド・ブロイの作品を発見し、最初は懐疑的に受け止められた彼のアイデアを支持しました。アインシュタインがルイの作品を発見したのはいつですか？	アインシュタインは2019年にルイの作品を発見した
200	1	アインシュタインはルイ・ド・ブロイの作品を発見し、最初は懐疑的に受け止められた彼のアイデアを支持しました。アインシュタインがルイの作品を発見したのはいつですか？	アインシュタインは1938年にルイの作品を見分けました。
201	0	オープニングシーンでは、ランディ-モートンはウォルドルフで典型的な金曜日の午後を説明します。彼は何時にウォルドルフに着いたのでしょうか？	午前1時
202	0	イランコントラの悪名高いオリバー・ノースは自分のコンピューターを消したと思っていたが、後にその情報は議会の委員会が読むために回収されたと言っています。コンピューターからデータを取り出したのはいつですか？	5秒前
203	1	イランコントラの悪名高いオリバー・ノースは自分のコンピューターを消したと思っていたが、後にその情報は議会の委員会が読むために回収されたと言っています。コンピューターからデータを取り出したのはいつですか？	昨年
204	0	記録によると、9時25分に始まり、CIA、FBI、国務省、司法省、国防省、FAA、ホワイトハウスのシェルターが含まれていました。イベントはいつ終了したのですか？	10世紀前
205	0	記録によると、9時25分に始まり、CIA、FBI、国務省、司法省、国防省、FAA、ホワイトハウスのシェルターが含まれていました。イベントはいつ終了したのですか？	10ヶ月前
206	1	冬が近づくと、葉の色が変わることで反応する植物があります。冬が正式に始まるのはいつですか？	44186
207	1	彼はお気に入りの椅子に飛び乗って、マギーがその下を走るのを見下ろした。この人たちは何時に椅子の周りで遊んでいたのでしょうか？	午後2時
208	1	マルチネスさんは医師の助手として2つの仕事をしながら、高齢の両親と8歳の息子をサポートしています。マルチネスさんは何時に出勤するのでしょうか？	朝の7:00
209	0	フィンリーは、彼の悪行がバイオレットの悪行をはるかに上回っていることを後知恵でのみ認識している。フィンリーは何時に就寝するのでしょうか？	午後4時
210	0	ランサムは彼女だけでなく、彼への愛を宣言した若いファーン・サイモンの世話をしています。ランサムはいつから彼女の世話をするようになるのでしょうか？	1000秒前
211	0	ランサムは彼女だけでなく、彼への愛を宣言した若いファーン・サイモンの世話をしています。ランサムはいつから彼女の世話をするようになるのでしょうか？	500年前
212	0	1802年に完成したこの家を、彼の祖父アレクサンダーがスコットランドのアーシャーに所有していた土地にちなんで「グランジ」と名付けました。この家が建てられたのはいつですか？	600年前
213	0	1802年に完成したこの家を、彼の祖父アレクサンダーがスコットランドのアーシャーに所有していた土地にちなんで「グランジ」と名付けました。この家が建てられたのはいつですか？	22.22年前
214	1	犬は彼に付き添い、フレンドリーに彼の周りを跳ね回りました。彼らはいつ家に帰ったのでしょうか？	午後4時
215	1	例外として、性的暴行や近親相姦、その他の法律違反による妊娠などがあります。暴行は何時に起こりましたか？	午後9時
216	0	彼は以前に犬を見たことがあり、すべての猫も見たことがあり、ヘンリーという名前の黒い犬と一緒に住んでいましたが、茶色の犬は見たことがありませんでした。彼はいつヘンリーと暮らしていたのでしょうか？	5秒前
217	1	彼は以前に犬を見たことがあり、すべての猫も見たことがあり、ヘンリーという名前の黒い犬と一緒に住んでいましたが、茶色の犬は見たことがありませんでした。彼はいつヘンリーと暮らしていたのでしょうか？	20週間前だ
218	1	彼は、『ラ・エンシクロペディア・ヒューマニカ』の彼のエントリーを言い換えれば、『フルラウンド』で等身大のシーンを描くことで、現実の錯覚を強調している。彼が『エンシクロペディア・ヒューマニカ』を出版したのはいつ？	18世紀に
219	0	彼は、『ラ・エンシクロペディア・ヒューマニカ』の彼のエントリーを言い換えれば、『フルラウンド』で等身大のシーンを描くことで、現実の錯覚を強調している。彼が『エンシクロペディア・ヒューマニカ』を出版したのはいつ？	18分目に
220	0	彼は、『ラ・エンシクロペディア・ヒューマニカ』の彼のエントリーを言い換えれば、『フルラウンド』で等身大のシーンを描くことで、現実の錯覚を強調している。彼が『エンシクロペディア・ヒューマニカ』を出版したのはいつ？	この前の季節
221	1	彼らが会ったとき、ジョンは彼の父が彼を見捨てたと非難するが、彼の父は「彼はそれをジョンに任せた」と言う。ジョンと父親は何時に会うのか？	午後1時
222	0	彼らが会ったとき、ジョンは彼の父が彼を見捨てたと非難するが、彼の父は「彼はそれをジョンに任せた」と言う。ジョンと父親は何時に会うのか？	彼は父ジョセフの仕事を引き継いだ。
223	1	彼らが会ったとき、ジョンは彼の父が彼を見捨てたと非難するが、彼の父は「彼はそれをジョンに任せた」と言う。ジョンと父親は何時に会うのか？	午後5時
224	1	少女は少し怖くなって引き返そうかと考えていたが、それでも彼らは先に進んだ。少女は何時になったら引き返そうかと考えるのをやめたのだろうか。	午後2時
225	1	その結果、地球の地殻が地域やプレートに分かれていることがわかりました。発見はいつ行われたのでしょうか？	100年前です。
226	0	人は間違った方向に半マイル歩くかもしれません！その人はいつから間違った方向に歩き始めたのでしょうか？	27日前
227	1	人は間違った方向に半マイル歩くかもしれません！その人はいつから間違った方向に歩き始めたのでしょうか？	10分前
228	1	有罪判決を受けた殺人者セス・バクスターは 振り子の刃の下のテーブルに鎖で繋がれて目を覚ました。彼はいつテーブルに鎖で繋がれたのか？	彼が意識を失っている間に
229	1	彼はアルカイダのカンダハル空港からの避難を命じ、まずカブール近郊の砂漠地帯に移動し、次にカウストとジャララバードに移動し、最終的にはカンダハルに戻ってきました。彼が逃げたのは何時？	夜明け
230	1	彼はアルカイダのカンダハル空港からの避難を命じ、まずカブール近郊の砂漠地帯に移動し、次にカウストとジャララバードに移動し、最終的にはカンダハルに戻ってきました。彼が逃げたのは何時？	午後
231	1	彼はアルカイダのカンダハル空港からの避難を命じ、まずカブール近郊の砂漠地帯に移動し、次にカウストとジャララバードに移動し、最終的にはカンダハルに戻ってきました。彼が逃げたのは何時？	午後3時
232	0	その後、常務弁護士、上級弁護士、高齢化対策プロジェクトのディレクターを経て、昇進を果たしました。いつ昇進したのですか？	2時間おきに
233	1	氾濫原とは、洪水の水が引いていくときに豊かな土の層が厚く残っている場所のことです。いつ氾濫したの？	昨日
234	1	彼らは写真が撮られたとき、ロルフは明らかに自撮りの王様だと言っているのを聞いた。写真は何時に撮られたの？	午後2時
235	1	旅行者の中には、メイン州ポートランドの空港に到着したモハメド・アッタとアブドゥル・アジズ・アル・オマリもいた。旅行者が空港に到着したのはいつですか？	午前4時00分に到着した
236	1	旅行者の中には、メイン州ポートランドの空港に到着したモハメド・アッタとアブドゥル・アジズ・アル・オマリもいた。旅行者が空港に到着したのはいつですか？	旅行者は3日間の旅行の後、春に到着した。
237	1	旅行者の中には、メイン州ポートランドの空港に到着したモハメド・アッタとアブドゥル・アジズ・アル・オマリもいた。旅行者が空港に到着したのはいつですか？	午後2時00分
238	0	彼らのお母さんは、毎週火曜日のおはなしの時間に図書館に行ってもいいと言っていました。お話の時間はいつですか？	金曜日の真夜中
239	0	彼らのお母さんは、毎週火曜日のおはなしの時間に図書館に行ってもいいと言っていました。お話の時間はいつですか？	午後10時から
240	1	フーバーダムの1935年の落成式に出席した大群衆は、今では手ごわい広報機を稼働させた。落成式は何時に行われたのでしょうか？	午後12時に始まりました。
241	1	フーバーダムの1935年の落成式に出席した大群衆は、今では手ごわい広報機を稼働させた。落成式は何時に行われたのでしょうか？	午後3時00分
242	1	面接のその部分に反応しなかったとしても、その時点で事件のことを知っていたことは確かです。面接はいつ行われましたか？	午後3時
243	0	外国人や産業スパイ、不満を持つ従業員による電子機器の盗難は、米国企業に何十億ものコストをかけ、国際的な競争力を蝕んでいます。電子機器の盗難が最も起こりやすいのはいつですか？	平和な時
244	1	祖父母は、肉体的、精神的、経済的な負担に加えて、法的な問題に直面しています。祖父母が法的な問題に直面するようになったのはいつ頃からでしょうか？	30年前
245	1	祖父母は、肉体的、精神的、経済的な負担に加えて、法的な問題に直面しています。祖父母が法的な問題に直面するようになったのはいつ頃からでしょうか？	5年前
246	0	祖父母は、肉体的、精神的、経済的な負担に加えて、法的な問題に直面しています。祖父母が法的な問題に直面するようになったのはいつ頃からでしょうか？	午前4時
247	0	コロンビア大学のROTC士官候補生と海兵隊員候補生のための学生団体は、アレクサンダー・ハミルトン・ソサエティと名付けられています。アレキサンダー・ハミルトン・ソサエティの例会は何時ですか？	午後11時
248	1	コロンビア大学のROTC士官候補生と海兵隊員候補生のための学生団体は、アレクサンダー・ハミルトン・ソサエティと名付けられています。アレキサンダー・ハミルトン・ソサエティの例会は何時ですか？	午後2時
249	1	アレクサンダーの葬送団がマケドンに向かっている間に、プトレマイオスが葬送団を押収し、一時的にメンフィスに持って行った。葬送団が押収されたのはいつですか？	月曜日の午後
250	1	アレクサンダーの葬送団がマケドンに向かっている間に、プトレマイオスが葬送団を押収し、一時的にメンフィスに持って行った。葬送団が押収されたのはいつですか？	午後2時
251	0	ウェストバージニア大学法学部の女性党員集会の投票で選ばれ、表彰されました。彼女はいつ受賞したの？	午前５時頃
252	1	カジノ事業者は事業内容を見直す必要がありました。カジノ事業者は何時に出勤するのか？	朝の6時
253	0	彼の民衆は彼を壊そうとしたが、彼は心が荒んでいた。壊そうとしたのは何時だったのでしょうか？	彼は経営コンサルティングを試みた
254	0	司法省は同日、注意喚起に関する声明を発表した。声明が発表されたのは何時頃だったのでしょうか？	午前1時
255	0	司法省は同日、注意喚起に関する声明を発表した。声明が発表されたのは何時頃だったのでしょうか？	午前4時
256	0	ロックスター志望のエースは、宇宙人が地球を侵略してきた時、ギターウルフのコンサートに向かう途中だった。エースはいつコンサートに行ったのか？	帰り道、彼のノートが思い出す。
257	1	ボストンセンターTMU [交通管理ユニット] ここで問題が発生しています問題は何時に発見されましたか?	午前9時00分
258	0	ジョンソンは、カリフォルニア州第二地方控訴裁判所の判事です。ジョンソンが出廷したのはいつですか？	夜の10時
259	0	ジョンソンは、カリフォルニア州第二地方控訴裁判所の判事です。ジョンソンが出廷したのはいつですか？	午後11時
260	1	私たちの車がエンジンでガソリンを燃やすと、それが運動や熱に変換されます。エンジンがガソリンを燃やしている時間帯は？	朝の9:00
261	0	私たちの車がエンジンでガソリンを燃やすと、それが運動や熱に変換されます。エンジンがガソリンを燃やしている時間帯は？	朝の3:00
262	0	これらの臓器はすべて連携して働いており、食べたものからエネルギーを得ることができます。臓器が最後に食べ物をエネルギーに変換したのはいつですか？	2週間前
263	0	これらの基準で測定した結果、当社の歴史上最高の安全実績を記録しました。記録的な年はいつですか？	12分前
264	0	これらの基準で測定した結果、当社の歴史上最高の安全実績を記録しました。記録的な年はいつですか？	金曜日
265	1	到着すると、お城は想像以上に大きく見えました。いつ見たの？	3日前
266	1	到着すると、お城は想像以上に大きく見えました。いつ見たの？	9日前
267	1	例えば、図 2.20 のようなファーマーズ・マーケットで地元の農産物を買うとします。その農産物は何時に買われたのでしょうか？	午後2時
268	1	リチャード・ブルックウェル警部はクロスと相棒のトミー・ケインを事件現場に呼び出す。彼らは何時に現場に行ったのでしょうか？	昨日の正午
269	0	私たちが重視してきたのは、潜在的なクライアントに私たちのことを知ってもらい、サービスを提供することだと、デュドヴィッツ氏は述べています。潜在的なクライアントに電話するのに最適な時間は何ですか？	真夜中に
270	0	私たちが重視してきたのは、潜在的なクライアントに私たちのことを知ってもらい、サービスを提供することだと、デュドヴィッツ氏は述べています。潜在的なクライアントに電話するのに最適な時間は何ですか？	午前3時00分
271	1	イギリスは1802年、アミアン条約の条件の下、ついにスペインに島を割譲しました。この条約が調印されたのは何時頃だったのでしょうか？	午後5時
272	1	その後、ポルトガル人探検家たちはマカオ（現在のマカオ）、コンゴ、そしてスーダンを含むアフリカの様々な地域に乗り出しました。探検家がマカオを訪れたのはいつですか？	1810年です。
273	1	「おいしい朝ごはんを食べて」と聞いたことがある人は、それが理由です。何時に良い朝食を食べますか？	私は10時に朝食を食べる
274	0	殷王朝は、一つの政府の下に一つの中国国家という概念を生み出した。殷王朝は何年に始まりましたか？	1900年以降
275	0	殷王朝は、一つの政府の下に一つの中国国家という概念を生み出した。殷王朝は何年に始まりましたか？	数千秒前
276	1	その後、彼らは山を越えて旅に出たところから、船に乗ってアフリカやアジアに行った。船は何時に到着したのでしょうか？	午前9時
277	1	その後、彼らは山を越えて旅に出たところから、船に乗ってアフリカやアジアに行った。船は何時に到着したのでしょうか？	午後3時
278	1	彼女がずっと持っていたので、今はこげ茶色になっています。彼女は何時に買ったのでしょうか？	午後4時
279	1	彼女がずっと持っていたので、今はこげ茶色になっています。彼女は何時に買ったのでしょうか？	午後12時
280	0	さらに彼は、コンピュータのメモリから「消去」された後に企業秘密を盗むための技術が今では存在すると言いました。最後に企業秘密が盗まれたのはいつですか？	直近5分以内
281	1	やせ細ったきれいな女性が立ち上がって、両手を前に握りしめた。彼女はいつ手を握りしめたのだろうか。	午後７時
282	0	彼がワシントンの被告側弁護士のために働いていないとき、ルーカスは40％の削減のために盗まれた財産を取り戻します。彼は何時に弁護人として出勤するのでしょうか？	午後9時
283	0	彼がワシントンの被告側弁護士のために働いていないとき、ルーカスは40％の削減のために盗まれた財産を取り戻します。彼は何時に弁護人として出勤するのでしょうか？	午後6時
284	0	来年も少なくとも１８０件の事件を処理するのに役立つだろうと彼は見積もっています。お金はいつから人々を助けるのか？	お金は信託に入れられて、今から２０秒後に人々を助けるために解放されます。
285	0	来年も少なくとも１８０件の事件を処理するのに役立つだろうと彼は見積もっています。お金はいつから人々を助けるのか？	来週の１月
286	0	ゴンゾーは今日、スタントマンよじれを良くしようとマッサージを受けました。ゴンゾーは何時にマッサージ店を訪れたのでしょうか？	午前１時頃
287	1	ゴンゾーは今日、スタントマンよじれを良くしようとマッサージを受けました。ゴンゾーは何時にマッサージ店を訪れたのでしょうか？	午後12時
288	1	その金額は、1年間の期間中、1株2ドルでメリディアンの普通株式に転換することができます。その金額が最初に転換されたのは何日ですか？	火曜日に転換されました
289	0	ミード湖は雇用を創出しただけでなく、今日ではネバダ州南部全域に水を供給する巨大な貯水池となっています。ミード湖はいつ作られたの？	10年前
290	0	ミード湖は雇用を創出しただけでなく、今日ではネバダ州南部全域に水を供給する巨大な貯水池となっています。ミード湖はいつ作られたの？	数時間前
291	1	戦いの間に、ヒューズとホリーは、ヨンガリーの額のダイヤモンドがエイリアンにヨンガリーの制御を与える装置であることを発見します。戦いは何時に始まりましたか？	昨日の正午
292	0	彼は解雇されたことを妻には話しておらず、新しい職を探している間、代理店での在職期間を終えているだけです。彼はいつ解雇されたのですか？	約1秒前
293	1	重力ポテンシャルエネルギーを持つ人の例は、下の1.5図で見ることができます。その例が最も見直されやすいのは何時頃でしょうか？	午前11時00分
294	1	学校では、アッタは非常に知的で、ドイツ語にも精通していて、とても愉快な人でした。アッタがドイツ語を学んだのはいつですか？	学校に通い始める前
295	0	ダニーは妻や子供たちと一緒に家で過ごす時間が少なくなってきた。彼は朝何時に家を出るのでしょうか？	午後7時
296	1	ダニーは妻や子供たちと一緒に家で過ごす時間が少なくなってきた。彼は朝何時に家を出るのでしょうか？	ダニーは午前 10 時頃に家を出ます
297	0	最終日の登校を終えた彼女は、夏休みが空いていました。彼女の最終登校日はいつでしたか？	9月
298	1	工場は高度に自動化されており、需要に応じて多品種のチップを生産するために柔軟にシフトできるように設計されています。いつチップを作っているのですか？	午前9時
299	1	工場は高度に自動化されており、需要に応じて多品種のチップを生産するために柔軟にシフトできるように設計されています。いつチップを作っているのですか？	午前7時00分
300	0	Radio Televizioni Shqiptar (RTSH) は、1938年にゾグ王によって設立されたアルバニアの公共ラジオ・テレビ放送局です。RTSHを設立した時のゾグ王は何歳だったのでしょうか？	96
301	0	Radio Televizioni Shqiptar (RTSH) は、1938年にゾグ王によって設立されたアルバニアの公共ラジオ・テレビ放送局です。RTSHを設立した時のゾグ王は何歳だったのでしょうか？	288
302	1	Radio Televizioni Shqiptar (RTSH) は、1938年にゾグ王によって設立されたアルバニアの公共ラジオ・テレビ放送局です。RTSHを設立した時のゾグ王は何歳だったのでしょうか？	ゾグ王はわずか45歳でした。
303	1	ある日、ケビンはアメリカの自宅からイギリスのエリンの家に旅行に行きました。ケビンが空港に到着したのはいつでしょうか？	午後3時
304	1	ある日、ケビンはアメリカの自宅からイギリスのエリンの家に旅行に行きました。ケビンが空港に到着したのはいつでしょうか？	午後7時
305	1	非常に平坦な地域の氾濫原では、洪水の水が土地の表面に広がる可能性があります。洪水の水が広がり始めたのはいつですか？	暴風雨の後
306	0	続くチャエロネアの戦いでは、フィリップは右翼を、アレクサンダーは左翼を指揮し、フィリップの信頼する将軍たちを従えていた。戦いはいつ行われたのでしょうか？	午前12時00分
307	0	ジェリーは、トムの頭が360度回転するまで円を描くように泳ぎ、その後、再びつかまれています。ジェリーは何時に泳いだのですか？	ジェリーは全く泳いでいませんでした
308	0	その後、他の人も呼ばれて、簡単な算数やスペルで成果をあげた例を挙げました。彼らが成果を発表していたのは何時頃だったでしょうか？	夜中
309	1	その後、他の人も呼ばれて、簡単な算数やスペルで成果をあげた例を挙げました。彼らが成果を発表していたのは何時頃だったでしょうか？	午後3時
310	0	ダムスクエアが史上初の内陸化。正式に内陸化したのはいつ？	1秒前
311	0	ダムスクエアが史上初の内陸化。正式に内陸化したのはいつ？	昨日
312	1	ある朝の朝食中、彼は思いに耽っているようで、食事を忘れていました。彼はいつも何時に朝食を食べているのでしょうか？	朝の8時
313	0	ある朝の朝食中、彼は思いに耽っているようで、食事を忘れていました。彼はいつも何時に朝食を食べているのでしょうか？	午後８時
314	0	毎週土曜日は公園に行って、トゥードルの好きなゲームをしていました。いつから好きなゲームになったのか	約2日前
315	1	毎週土曜日は公園に行って、トゥードルの好きなゲームをしていました。いつから好きなゲームになったのか	昨年度
316	1	何世紀にもわたって、ここでの生活は常に安定した移民の流れを引き寄せるほど簡単でした。移民は何時に到着したのでしょうか？	午前1時に
317	1	何世紀にもわたって、ここでの生活は常に安定した移民の流れを引き寄せるほど簡単でした。移民は何時に到着したのでしょうか？	午前3時に
318	1	何世紀にもわたって、ここでの生活は常に安定した移民の流れを引き寄せるほど簡単でした。移民は何時に到着したのでしょうか？	午前6時に
319	0	ビートルズが新作映画『マジカル・ミステリー・ツアー』の記者会見を行っています。記者会見の時間は何時ですか？	午前6時
320	1	これらの化石は、この地域全体がかつて海の底にあったことを示しています。化石は何時に発見されたのでしょうか？	午後
321	0	これらの化石は、この地域全体がかつて海の底にあったことを示しています。化石は何時に発見されたのでしょうか？	午前2時00分
322	0	スペアは偉大な男を見て、真紅に染まって、彼の絶望の表情はゆっくりと消えて、彼の目には信じられないほどの希望と感謝が入ってきました。スペアと偉大な男が出会ったのはいつですか？	0.56秒前
323	1	アインシュタインと高等研究所との提携は、1955年に亡くなるまで続きました。いつアインシュタインは、高等研究所の教員になったのですか？	1933年に
324	0	アインシュタインと高等研究所との提携は、1955年に亡くなるまで続きました。いつアインシュタインは、高等研究所の教員になったのですか？	1000年前
325	0	しかし、シャーゼナンの軍隊が都市に到着する頃には、シェヘラザードの計画は成功していた。シェヘラザードの計画はいつ成功したのか？	元年
326	1	その月の後半には、列車で中国に行き、向こうでの生活の違いを見せてもらいました。列車はいつ中国に向けて出発したのでしょうか？	午前11時
327	0	アメリカン航空１１便が南下したという報告が１回目、デルタ航空１９８９便が２回目でした。アメリカン航空11便が南下したのは何時だったのでしょうか？	11-4 , 11-7
328	1	彼らは会社の衛星アンテナの近くに位置を決めて待つだけです。彼らが位置を決めたのはいつですか？	午後３時
329	1	ベイリーは、法曹界での地位を急速に向上させたにもかかわらず、常に自分が強く感じていることを支援する時間を見つけてきました。彼が強く感じていることを支援するようになったのはいつ頃でしょうか？	弁護士になってから
330	0	ベイリーは、法曹界での地位を急速に向上させたにもかかわらず、常に自分が強く感じていることを支援する時間を見つけてきました。彼が強く感じていることを支援するようになったのはいつ頃でしょうか？	午前2時00分
331	1	立ち退きや虐待を伴う結婚から逃れようとしている人もいます。彼らはいつ逃げ出すのが一般的なのでしょうか？	彼らは通常、早朝の時間帯や、虐待者が不在の時に逃げ出します。
332	1	立ち退きや虐待を伴う結婚から逃れようとしている人もいます。彼らはいつ逃げ出すのが一般的なのでしょうか？	彼らは通常、昼間、または虐待者が不在の時に逃げます。
333	0	タンブルは庭で外を歩き回ったり、小さな穴を掘って寝るのが好きでした。タンブルはいつ外に出ましたか？	４秒前
334	0	アランは再び彼の机の上にかがみ、ペンを手にして心を無にしたアランは何時に机の上にかがんだのでしょうか？	午前2時00分
335	0	ラットナーズのジェラルド・ラットナー会長は、この取引が ラットナーズにとって実質的な利益 であることに変わりはないと述べました。彼は何時に発言したのでしょうか？	午前3時00分
336	1	ラットナーズのジェラルド・ラットナー会長は、この取引が ラットナーズにとって実質的な利益 であることに変わりはないと述べました。彼は何時に発言したのでしょうか？	午後3時
337	1	ニブラスとクーソは、2000年1月にカラドがクアラルンプールとバンコクを旅行した際に、バンコクのカラドにお金を届けました。カラドは何時に出発したのでしょうか？	午後10時
338	0	ニブラスとクーソは、2000年1月にカラドがクアラルンプールとバンコクを旅行した際に、バンコクのカラドにお金を届けました。カラドは何時に出発したのでしょうか？	10年前
339	1	人間のオペレーターは、システムを監視し、エラーをキャッチし、生産工程を微調整して最大限の効率を上げるために存在します。人間のオペレータの最初のシフトはいつ終了しますか？	午後4時
340	0	ミンティーは個人事業でも大金を稼げたと同僚は言う。ミンティーがお金を稼ぎ始めるのはいつですか？	6年で
341	1	ミンティーは個人事業でも大金を稼げたと同僚は言う。ミンティーがお金を稼ぎ始めるのはいつですか？	今から一週間後
342	0	9.11に至るまでの間、アルカイダがどのようにして資金を調達していたのか、一般的な見当はついていますが、資金の出所は不明のままです。アルカイダがどのようにして資金を調達していたのか、一般的な見当がついたのはいつ頃でしょうか？	第二の前の9 / 11
343	1	そして、緑のボールはオレンジのボールに「青いボールはバカだ」と言いました。緑のボールがオレンジのボールに近づいたのはいつですか？	15分前
344	1	そして、緑のボールはオレンジのボールに「青いボールはバカだ」と言いました。緑のボールがオレンジのボールに近づいたのはいつですか？	45分前
345	1	彼女は土を良くするために、ガーデンショップの特別な栽培用ミックスを入れています。彼女はいつ庭に栽培用ミックスを入れたのでしょうか？	園芸店から帰ってきてから
346	0	彼女は土を良くするために、ガーデンショップの特別な栽培用ミックスを入れています。彼女はいつ庭に栽培用ミックスを入れたのでしょうか？	5分おきに
347	1	日本帝国権力の虚構は、無限に拡張可能なものになっていた。日本帝国権力の虚構が定着したのはいつ頃でしょうか？	明治以降
348	0	日本帝国権力の虚構は、無限に拡張可能なものになっていた。日本帝国権力の虚構が定着したのはいつ頃でしょうか？	1秒前
349	1	ジョーの両親は農家で、牛や鶏、アヒルなどを飼っている広大な農場を持っています。ジョーの両親が農場で鶏を飼ったのは何の日ですか？	月曜日
350	0	トクヴィルは議会制政府を提唱した古典的なリベラルであったが、極端な民主主義には懐疑的であった。トクヴィルが議会制政府を提唱し始めたのはいつですか？	55.56年前
351	0	アレクサンダー大王の功績と遺産は、多くの文化で描かれています。アレクサンダー大王はいつ統治したのでしょうか？	あした
352	0	公式な食事会がいつ、どこで行われているかはライトスクリーンが知らせてくれていたが、招待状を確認する気にはなれなかった。ライトスクリーンが最初に情報を提供したのはいつですか？	直近の一秒
353	1	公式な食事会がいつ、どこで行われているかはライトスクリーンが知らせてくれていたが、招待状を確認する気にはなれなかった。ライトスクリーンが最初に情報を提供したのはいつですか？	10時間前
354	0	IBMのテクノロジーグループを担当する上級副社長のジョン・ケリー氏は、テクノロジーでリードし、市場のハイパフォーマンスセグメントを攻略することが戦略の核心であると語った。ジョン・ケリー氏がIBMの戦略について語ったのはいつ？	直近の一秒
355	0	IBMのテクノロジーグループを担当する上級副社長のジョン・ケリー氏は、テクノロジーでリードし、市場のハイパフォーマンスセグメントを攻略することが戦略の核心であると語った。ジョン・ケリー氏がIBMの戦略について語ったのはいつ？	午前4時00分
356	1	スペインの規則がポルトガルの不注意によるスペインの進行中の戦争への関与を招いた。ポルトガルが関与したのはいつですか？	300年前
357	0	しかし、戦後は何百万人もの避難民がホームレスとなり、飢餓状態に陥りました。戦後期間はいつ終了したのでしょうか？	終戦のずっと前
358	0	しかし、戦後は何百万人もの避難民がホームレスとなり、飢餓状態に陥りました。戦後期間はいつ終了したのでしょうか？	戦後期間が始まって1夜後
359	0	若い頃は一緒に過ごすのが好きだったそうですが、昨年引っ越しをしていたそうです。引越しの日、彼は何時に家を出たのでしょうか？	仕事をする時間がなかった
360	0	1991年の秋、カイロで知り合ったドイツ人の家族に、ドイツでの教育を続けてほしいと頼んだ。彼は何月にこのようなことをしたのでしょうか？	2月に
361	1	1991年の秋、カイロで知り合ったドイツ人の家族に、ドイツでの教育を続けてほしいと頼んだ。彼は何月にこのようなことをしたのでしょうか？	9月
362	0	キリスト教がガリアに伝わったのは紀元1世紀のことである。礼拝は何時から何時まで行われていたのですか？	深夜
363	0	キリスト教がガリアに伝わったのは紀元1世紀のことである。礼拝は何時から何時まで行われていたのですか？	礼拝は家族が寝ている間の午後1時に行われていました。
364	1	ヘストンがローランドについて尋ねられたジョージタウン・ホヤのインタビューに関して、あなたはこう書いています：「[ヘストン]がカイラ・ローランドの事件を認めたという兆候はありません。」インタビューは何時だった？	木曜の午後1時
365	1	ヘストンがローランドについて尋ねられたジョージタウン・ホヤのインタビューに関して、あなたはこう書いています：「[ヘストン]がカイラ・ローランドの事件を認めたという兆候はありません。」インタビューは何時だった？	午前10時00分
