0	0	2008年の全豪オープン決勝でツォンガを破ったセルビア人は、オーストラリア人の18歳のベルナルド・トミックの夢の舞台に終止符を打った。セルビア人は以前ツォンガをどれくらいの頻度で破ったでしょうか？	900回
1	0	有罪判決を受けた殺人者セス・バクスターは 振り子の刃の下のテーブルに鎖で繋がれて目覚めます彼は何回刑務所にいたのだろうか？	1000回
2	0	ウェストバージニア大学法学部の女性党集会の投票で選ばれ、表彰されました。この賞は年に何回授与されるのですか？	2.4回
3	0	到着してみると、想像していた以上にお城が大きく見えました。どのくらいの頻度で想像していたのか	一日二度一分
4	0	殷王朝は、一つの政府の下に一つの中国国家という概念を生み出した。殷王朝はどのくらいの頻度で統治者を交代させたのでしょうか？	一世紀に一度
5	0	殷王朝は、一つの政府の下に一つの中国国家という概念を生み出した。殷王朝はどのくらいの頻度で統治者を交代させたのでしょうか？	一世紀に一度
6	0	ザルコとテイシェイラはマデイラの共同知事に任命され、ペレストレロはポルトサントを授与されました。共同知事はどのくらいの頻度で任命されますか？	180年ごと
7	0	ザルコとテイシェイラはマデイラの共同知事に任命され、ペレストレロはポルトサントを授与されました。共同知事はどのくらいの頻度で任命されますか？	4秒ごと
8	0	ザルコとテイシェイラはマデイラの共同知事に任命され、ペレストレロはポルトサントを授与されました。共同知事はどのくらいの頻度で任命されますか？	一日に一度
9	0	英国は、ハプスブルク家の原告の名でジブラルタルを押収し、戦争が終わったときにそれを保持しました。スペインとイギリスは領土をめぐって何回戦いましたか？	彼らは117回戦いました
10	0	デュラーの父は1502年に亡くなり、母は1513年に亡くなりました。デュラーはどのくらいの頻度で母親の墓参りをしていたのでしょうか？	一分に一度
11	0	そこでこれからは、マーシャはジョーイがいつでも安全に過ごせるように特別な配慮をすることにしました。ジョーイはどのくらいの頻度で無事だったのでしょうか？	月に一度
12	1	そこでこれからは、マーシャはジョーイがいつでも安全に過ごせるように特別な配慮をすることにしました。ジョーイはどのくらいの頻度で無事だったのでしょうか？	毎日
13	0	そこでこれからは、マーシャはジョーイがいつでも安全に過ごせるように特別な配慮をすることにしました。ジョーイはどのくらいの頻度で無事だったのでしょうか？	一度も
14	0	アーサーの喉から発せられる音の物理的な波の前に、アランが身を縮めたような重いイントネーションで最後の言葉を話した。アーサーはどれくらいの頻度でアランと話しているのだろうか？	一時間おきに
15	1	アーサーの喉から発せられる音の物理的な波の前に、アランが身を縮めたような重いイントネーションで最後の言葉を話した。アーサーはどれくらいの頻度でアランと話しているのだろうか？	毎朝
16	1	しかし、最近では、アブダロニムスの死よりも早い時期のものである可能性が示唆されています。アブダロニムスはどのくらいの頻度で死んだのでしょうか？	一度
17	0	しかし、最近では、アブダロニムスの死よりも早い時期のものである可能性が示唆されています。アブダロニムスはどのくらいの頻度で死んだのでしょうか？	数秒おき
18	0	しかし、最近では、アブダロニムスの死よりも早い時期のものである可能性が示唆されています。アブダロニムスはどのくらいの頻度で死んだのでしょうか？	4回
19	0	1930年代の欧州の戦後不況による後退は、重工業を機械製造、冶金、化学分野へと多角化させることで、努力を重ねるきっかけとなった。後退はどのくらいの頻度で起こるのでしょうか？	月に3回
20	0	CIAは現在、9.11以前のアルカイダの活動を維持するために年間約3000万ドルの費用がかかっており、この資金のほとんどは寄付によって集められていたと推定しています。9.11以前、アルカイダはどのくらいの頻度で寄付を受けていたのでしょうか？	1日5時間
21	0	CIAは現在、9.11以前のアルカイダの活動を維持するために年間約3000万ドルの費用がかかっており、この資金のほとんどは寄付によって集められていたと推定しています。9.11以前、アルカイダはどのくらいの頻度で寄付を受けていたのでしょうか？	一世紀に一度
22	1	彼女はランキプールでかつての恋人トム・ランサムと知り合い、今はアルコール依存症になっている。トムの飲酒頻度は？	毎日数回
23	1	彼女はランキプールでかつての恋人トム・ランサムと知り合い、今はアルコール依存症になっている。トムの飲酒頻度は？	毎朝
24	0	彼女はランキプールでかつての恋人トム・ランサムと知り合い、今はアルコール依存症になっている。トムの飲酒頻度は？	一世紀に一度
25	0	トミーとスージー（兄妹）は、ある日の午後、ママとパパのヤンとディーンと一緒に遊び場に行きました。彼らはどのくらいの頻度で遊び場に行っていたのでしょうか？	1分に2回
26	1	トミーとスージー（兄妹）は、ある日の午後、ママとパパのヤンとディーンと一緒に遊び場に行きました。彼らはどのくらいの頻度で遊び場に行っていたのでしょうか？	週に一度
27	0	アインシュタインは、量子論と力学（まさに彼が作成に貢献した理論）に不満を持っていた、他の物理学者によって受け入れられているにもかかわらず、神は サイコロで遊んでいない と述べています。アインシュタインは1日に何回物理学について考えたのでしょうか？	82.5回
28	0	同組織ではすでに人員削減で何人かのスタッフを失い、いくつかのケースを辞退させていると彼女は言いました。組織はどのくらいの頻度でケースを辞退させているのですか？	数秒おき
29	1	このようにして、最も有力な一族は、日本の封建制の領地となる地域を自分たちのために切り開いたのである。一つの一族がこのようなことができるのは、どのくらいの頻度であろうか？	一度
30	0	このようにして、最も有力な一族は、日本の封建制の領地となる地域を自分たちのために切り開いたのである。一つの一族がこのようなことができるのは、どのくらいの頻度であろうか？	50回
31	0	このようにして、最も有力な一族は、日本の封建制の領地となる地域を自分たちのために切り開いたのである。一つの一族がこのようなことができるのは、どのくらいの頻度であろうか？	6.67年に一度
32	0	このようにして、最も有力な一族は、日本の封建制の領地となる地域を自分たちのために切り開いたのである。一つの一族がこのようなことができるのは、どのくらいの頻度であろうか？	六十年に一度
33	0	夏の豪雨の後、濡れた道路から水蒸気が立ち上るのを見たことがある人は多いでしょう。夏の雨はどれくらいの頻度で降るのでしょうか？	500回
34	0	夏の豪雨の後、濡れた道路から水蒸気が立ち上るのを見たことがある人は多いでしょう。夏の雨はどのくらいの頻度で降るのでしょうか？	年に一度
35	0	例えば、ケーキをオーブンに入れて、長すぎて放置してしまった場合はどうでしょうか？あなたはどのくらいの頻度でケーキをオーブンに入れっぱなしにしていますか？	1分おき
36	0	これはコインとしては驚異的な新記録だそうです。新記録はどのくらいの頻度で樹立されるのでしょうか？	数秒おき
37	1	私が長年扱ってきた問題は、人々が家や医療、仕事、家族などの生活の基本を維持できるように支援する側にあった。どのくらいの頻度で誰かの健康管理を手助けするのでしょうか？	毎月
38	0	次の日の夜、彼女は寿司、刺身、殻付きの牡蠣、水耕栽培のベッドから摘み取ったばかりの地球人の野菜が入った、きらびやかなストップボックスの山を持って到着しました。彼女は週にどれくらいの頻度で来ていたのでしょうか？	木曜に5回
39	0	彼はまた彼のところに来ることを約束します。彼はどのくらいの頻度で彼のところに来るのでしょうか？	彼は、私たちはここを通って来るように配置されていると言いました。
40	0	その状況に留まることを余儀なくされているように感じるからです平均してどのくらいの頻度で 彼らはその状況から抜け出せないと感じますか？	54ヶ月
41	0	その状況に留まることを余儀なくされているように感じるからです平均してどのくらいの頻度で 彼らはその状況から抜け出せないと感じますか？	18年に一度
42	0	ジャクソン、ヴィックスバーグ、ハティスバーグ、オックスフォード、パスカグラの家庭内暴力の生存者は、すべての支援を受けることができます。支援はどのくらいの頻度で受けられますか？	一世紀ごとに
43	0	ジャクソン、ヴィックスバーグ、ハティスバーグ、オックスフォード、パスカグラの家庭内暴力の生存者は、すべての支援を受けることができます。支援はどのくらいの頻度で受けられますか？	100年に一度
44	0	プレゼントの中に自転車が入っているとしたらこの箱に入っているはずだとティムは知っていました。自転車は何回箱に入れられましたか？	10回
45	0	私たちが言うところの「実験から製作までの時間」は、可能な限りゼロに近づけるべきだとケリー氏は述べています。ケリー氏はどのくらいの頻度で実験から製作までの時間について話していますか？	100年に一度
46	0	ディグラーは著名なモデルとなり、ポルノ映画に出演し始めた後、彼のキャリアは飛躍しました。ディグラーはどのくらいの頻度でキャリアを変えたのでしょうか？	18回
47	1	その間に運命はローの仇を討ち取った。運命はどのくらいの頻度で介入したのか？	必要な時だけ
48	0	キルゴアは教育学の学士号と修士号を取得し、数年間教職に就いた後、法科大学院に入学しました。キルゴアは法科大学院在学中、週に何時間勉強していたのでしょうか？	100
49	0	キルゴアは教育学の学士号と修士号を取得し、数年間教職に就いた後、法科大学院に入学しました。キルゴアは法科大学院在学中、週に何時間勉強していたのでしょうか？	150時間
50	0	キルゴアは教育学の学士号と修士号を取得し、数年間教職に就いた後、法科大学院に入学しました。キルゴアは法科大学院在学中、週に何時間勉強していたのでしょうか？	約２０年
51	1	そして歩道を飛び跳ねて彼に見せようとしました。彼は何日間彼に見せようとしましたか？	一日だけ
52	0	そして歩道を飛び跳ねて彼に見せようとしました。彼は何日間彼に見せようとしましたか？	3ヶ月
53	0	そして歩道を飛び跳ねて彼に見せようとしました。彼は何日間彼に見せようとしましたか？	一晩だけ
54	0	デュラーはアルベルティの客観的な美の概念を否定し、多様性に基づく相対主義的な美の概念を提案した。哲学的概念はどのくらいの頻度で否定されるのでしょうか？	毎秒
55	0	デュラーはアルベルティの客観的な美の概念を否定し、多様性に基づく相対主義的な美の概念を提案した。哲学的概念はどのくらいの頻度で否定されるのでしょうか？	常に
56	1	ルグリオはニチアとルクレツィアが子供を産むことを切望していることをカリマコスに通知します。ニチアとルクレツィアはどのくらいの頻度で子供を産みたいという彼らの欲求を表現するのですか？	毎日
57	0	ルグリオはニチアとルクレツィアが子供を産むことを切望していることをカリマコスに通知します。ニチアとルクレツィアはどのくらいの頻度で子供を産みたいという彼らの欲求を表現するのですか？	彼女は第二子を期待している
58	0	ルグリオはニチアとルクレツィアが子供を産むことを切望していることをカリマコスに通知します。ニチアとルクレツィアはどのくらいの頻度で子供を産みたいという彼らの欲求を表現するのですか？	毎分
59	0	池の周りを走り回って アヒルに向かって吠えていました彼はどのくらいの頻度でアヒルに向かって吠えるのでしょうか？	週に27回
60	0	池の周りを走り回って アヒルに向かって吠えていました彼はどのくらいの頻度でアヒルに向かって吠えるのでしょうか？	1秒間に3回
61	1	この家の屋根の上にあるソーラーパネルは、家族が必要とする電気を供給するのに十分な量を発電しています。ソーラーパネルはどのくらいの頻度で発電しているのでしょうか？	毎日
62	1	この家の屋根の上にあるソーラーパネルは、家族が必要とする電気を供給するのに十分な量を発電しています。ソーラーパネルはどのくらいの頻度で発電しているのでしょうか？	毎日
63	0	彼の生年月日の推定は 1世紀以上の差があります彼はどのくらいの頻度で生まれたのでしょうか？	0.44回
64	0	最初の重要な発見を喜んだポルトガル王室は、すぐに植民地化計画に着手しました。ポルトガル人はどのくらいの頻度で新しい入植者を植民地に送り込んだのでしょうか？	一秒に数回
65	0	最初の重要な発見を喜んだポルトガル王室は、すぐに植民地化計画に着手しました。ポルトガル人はどのくらいの頻度で新しい入植者を植民地に送り込んだのでしょうか？	月に2回
66	0	最初の重要な発見を喜んだポルトガル王室は、すぐに植民地化計画に着手しました。ポルトガル人はどのくらいの頻度で新しい入植者を植民地に送り込んだのでしょうか？	1日6回
67	0	チャーチは生き返りますが、彼自身の邪悪な殻です。チャーチは何回生き返ったのですか？	30回以上
68	0	現在の使用率では、石炭は約300年持つと言われています。石炭の埋蔵量はどのくらいの頻度で計算されているのでしょうか？	5年に一度
69	0	現在の使用率では、石炭は約300年持つと言われています。石炭の埋蔵量はどのくらいの頻度で計算されているのでしょうか？	54ヶ月ごと
70	1	現在の使用率では、石炭は約300年持つと言われています。石炭の埋蔵量はどのくらいの頻度で計算されているのでしょうか？	6ヶ月ごと
71	0	9時21分にダレス基地管制施設に助言し、ダレスは管制官に主要標的を探すように促したその日のダレスへの助言は何回あったのでしょうか？	5000回
72	0	9時21分にダレス基地管制施設に助言し、ダレスは管制官に主要標的を探すように促したその日のダレスへの助言は何回あったのでしょうか？	1.5回
73	0	しかし、スルタン朝の重要人物は、ベンダハラ（首相）であり、軍の司令官でもあるトゥン・ペラックだった。ペラックは週に何回スピーチをするのか？	0.6
74	0	しかし、実際には、私たちは経済的価値観だけを気にしているかのように行動することがあまりにも多いのです。私たちはどのくらいの頻度で 経済的価値観だけを気にしているのでしょうか？	取引が多い
75	0	マットの上で足を拭いた後、手を伸ばしてドアの真鍮製のノッカーに触れました。マットの上で足を拭く頻度は？	一時間に一回
76	1	マットの上で足を拭いた後、手を伸ばしてドアの真鍮製のノッカーに触れました。マットの上で足を拭く頻度は？	一日一回
77	0	マットの上で足を拭いた後、手を伸ばしてドアの真鍮製のノッカーに触れました。マットの上で足を拭く頻度は？	1日100回
78	1	電子スパイ活動は米国企業に年間数十億ドルのコストをかける可能性があるにもかかわらず、ほとんどの企業はまだ予防策を講じていないと専門家は述べています。米国企業はどのくらいの頻度でお金を失っているのでしょうか？	2ヶ月に1回
79	0	彼女は飲みに行こうとしていて、人混みから抜け出したと言っていました。彼女はどのくらいの頻度で飲んでいるのでしょうか？	1分に1回
80	0	アルカイックの原住民は、狩猟と採集の文化を永続的に発展させ始めました。典型的なハンターはどのくらいの頻度で狩猟をするのでしょうか？	一ヶ月に一度
81	0	アルカイックの原住民は、狩猟と採集の文化を永続的に発展させ始めました。典型的なハンターはどのくらいの頻度で狩猟をするのでしょうか？	一時間に一度
82	0	マレーシアで、パウエルは1981年から同国を率いてきたマハティール・モハマド首相と会談した。パウエルはどのくらいの頻度で他国の指導者に会うために渡航しているのでしょうか？	ブッシュはスペインのゴンザレス首相と会談した
83	0	マレーシアで、パウエルは1981年から同国を率いてきたマハティール・モハマド首相と会談した。パウエルはどのくらいの頻度で他国の指導者に会うために渡航しているのでしょうか？	1時間に数回
84	1	トニーとアリーはホップスコッチや縄跳びなど他のゲームが好きだったが、その日は鬼ごっこに参加することになった。トニーとアリーはどのくらいの頻度でホップスコッチをしているのでしょうか？	トニーとアリーは週に2回ホップスコッチをしています。
85	1	トニーとアリーはホップスコッチや縄跳びなど他のゲームが好きだったが、その日は鬼ごっこに参加することになった。トニーとアリーはどのくらいの頻度でホップスコッチをしているのでしょうか？	トニーとアリーは週に一度ホップスコッチをしています。
86	0	トニーとアリーはホップスコッチや縄跳びなど他のゲームが好きだったが、その日は鬼ごっこに参加することになった。トニーとアリーはどのくらいの頻度でホップスコッチをしているのでしょうか？	100年に一度
87	0	バスに乗ったり、車に乗せられたりしたらどうする？子供がバスに乗る頻度は？	1分に2回
88	0	バスに乗ったり、車に乗せられたりしたらどうする？子供がバスに乗る頻度は？	いつも
89	0	同社は、この記録を「いつでも、どこでも、事故のない環境を実現するという当社のコミットメントを反映したもの」とSECのファイリングで述べています。当社の環境ではどのくらいの頻度で事故が発生しますか？	当社の環境では、6世紀に1度の割合で発生しています。
90	0	同社は、この記録を「いつでも、どこでも、事故のない環境を実現するという当社のコミットメントを反映したもの」とSECのファイリングで述べています。当社の環境ではどのくらいの頻度で事故が発生しますか？	1時間に1回
91	0	最後は、ラジオを聴きながら走り去っていく。途中で何回音楽を変えたのでしょうか？	333.33
92	1	最後は、ラジオを聴きながら走り去っていく。途中で何回音楽を変えたのでしょうか？	3回くらい変えています。
93	0	27％のケースでは、告訴が却下されたか、被告人が無罪となった。これらの事件はどのくらいの頻度で審理されましたか？	審理の結果、両者は同一であることが判明しました
94	0	27％のケースでは、告訴が却下されたか、被告人が無罪となった。これらの事件はどのくらいの頻度で審理されましたか？	1時間に1回
95	0	彼は、より「道徳的に許容される」習慣を守りながら、ダヤックスの海賊行為と首狩りを止めようとした。彼はどのくらいの頻度で彼らの受け入れ可能な習慣を擁護しているのでしょうか？	彼は一世紀おきに彼らの習慣を擁護しています
96	0	国土安全保障省のリーダーは現在、議会の88の委員会と小委員会に出廷しています。どのくらいの頻度で出廷する必要があるのでしょうか？	1時間に2回
97	0	国土安全保障省のリーダーは現在、議会の88の委員会と小委員会に出廷しています。どのくらいの頻度で出廷する必要があるのでしょうか？	毎秒
98	0	かわいい赤いボールが青いボールに転がって挨拶をしました。赤いボールはどのくらいの頻度で他のボールに転がりますか？	転がりません
99	1	しかし、ジェイソン・シーゲルが出演した2011年の大ヒット映画『マペッツ』の続編であるこの映画のキッピーなポスターや広告の間には、マペッツのクルーによる独創的な 自撮り があります。平均的な視聴者は年に何回この映画を見ているのだろうか？	1回
100	1	彼らはヤムイモやキビの焼畑農業を実践していましたが、これは土壌を消耗させ、あるジャングルの更地から別のジャングルの更地へと半遊牧民のような生活を強いていました。グループはどのくらいの頻度で移動しているのでしょうか？	年に3回
101	1	さらに、ラスベガスは1909年にネバダ州の新しいクラーク郡の一部になり、この年、議会もギャンブルを非合法化しました。ラスベガスは何回郡を変えましたか？	一度
102	0	さらに、ラスベガスは1909年にネバダ州の新しいクラーク郡の一部になり、この年、議会もギャンブルを非合法化しました。ラスベガスは何回郡を変えましたか？	27
103	0	9時20分頃、FAA本部の警備担当者が、国防総省など複数の機関とハイジャックの電話会議を設定した。電話会議はどのくらいの頻度で行われるのですか？	２秒に１回の割合で電話会議が行われる
104	0	9時20分頃、FAA本部の警備担当者が、国防総省など複数の機関とハイジャックの電話会議を設定した。電話会議はどのくらいの頻度で行われるのですか？	テレビ会議は100年に一度
105	0	グループは暗殺者に追われ、ロニーとリヤが殺されています。暗殺者はどのくらいの頻度で追いかけるのですか？	1時間に1回
106	0	グループは暗殺者に追われ、ロニーとリヤが殺されています。暗殺者はどのくらいの頻度で追いかけるのですか？	1時間に5回
107	0	また、SECのファイリングによると、ニューマンは2010年3月にCEOに就任した際に540万ドルの長期報酬を受け取っているという。数百万ドルの報酬はどのくらいの頻度で授与されるのでしょうか？	年に5回
108	0	また、SECのファイリングによると、ニューマンは2010年3月にCEOに就任した際に540万ドルの長期報酬を受け取っているという。数百万ドルの報酬はどのくらいの頻度で授与されるのでしょうか？	週に5回
109	1	地元の弁護士会や合併に反対した他の人々からの善意を必要とするいくつかのステップはまだ行われていない。地元の弁護士会への対応はどのくらいの頻度で行われているのでしょうか？	毎月
110	0	彼には不思議に思えたが、去年の春にリビングで茶色い鶏のリンダを見た時ほどではなかった。彼はどのくらいの頻度で野生動物を家の中で見つけるのだろうか？	一分に一度
111	0	フランスで多くの同僚や同時代の人を動揺させたこの本は、サルトルとの最後の別れをもたらした。この本はどのくらいの頻度で出版されていますか？	9年ごと
112	1	協定にはパラオへの米国の援助も含まれているが、その詳細についてはまだ詰めていないと京田氏は述べた。米国とパラオは協定に向けてどのくらいの頻度で会合を行ったのだろうか。	週に1回
113	1	協定にはパラオへの米国の援助も含まれているが、その詳細についてはまだ詰めていないと京田氏は述べた。米国とパラオは協定に向けてどのくらいの頻度で会合を行ったのだろうか。	月に一度
114	0	地球の歴史の中で、ある時期に非常に特徴的な化石を指標化石と呼びます。平均的な利用者が博物館に化石を見に行くのは年に何回でしょうか？	1000回
115	0	地球の歴史の中で、ある時期に非常に特徴的な化石を指標化石と呼びます。平均的な利用者が博物館に化石を見に行くのは年に何回でしょうか？	125
116	0	地球の歴史の中で、ある時期に非常に特徴的な化石を指標化石と呼びます。平均的な利用者が博物館に化石を見に行くのは年に何回でしょうか？	25
117	0	ジェリーは桟橋に出て、お気に入りのエサであるチーズを投げます。ジェリーは週に何回桟橋に行きますか？	1時間に0回
118	0	ついにルクレツィアと寝たカリマコは、すべてを告白する。カリマコはルクレツィアと何回寝た？	バーンズは「俺の筆跡じゃない」と告白する。
119	0	これらのレンジャーは十分によく訓練されていたため、彼らのキャプテンのゲストについて公然と好奇心を持っているようには見えませんでした。レンジャーが好奇心旺盛に見える頻度は？	毎月
120	1	今までペットを飼ったことはなかったが、近所で他の犬や猫を見てはいつも興奮していた。彼はどのくらいの頻度で犬や猫を見ているのでしょうか？	ほぼ毎朝
121	0	今までペットを飼ったことはなかったが、近所で他の犬や猫を見てはいつも興奮していた。彼はどのくらいの頻度で犬や猫を見ているのでしょうか？	月に一度くらい
122	1	今までペットを飼ったことはなかったが、近所で他の犬や猫を見てはいつも興奮していた。彼はどのくらいの頻度で犬や猫を見ているのでしょうか？	数日おき
123	0	大陸もまた、海の盆地よりもはるかに古いものが多いのです。大陸はどのくらいの頻度で作られているのでしょうか？	数百週に一度
124	0	大陸もまた、海の盆地よりもはるかに古いものが多いのです。大陸はどのくらいの頻度で作られているのでしょうか？	一世紀ごとに
125	0	大陸もまた、海の盆地よりもはるかに古いものが多いのです。大陸はどのくらいの頻度で作られているのでしょうか？	年に一度
126	0	以前は、1株あたり13.65ドル、つまり2,900万ドルを現金で提供していました。1株あたりの提供額はどのくらいの頻度で変更されるのでしょうか？	30年に一度
127	0	以前は、1株あたり13.65ドル、つまり2,900万ドルを現金で提供していました。1株あたりの提供額はどのくらいの頻度で変更されるのでしょうか？	数分おきに
128	0	通信のレターヘッドには、組織が廃止されたとしても、ベア郡法的援助の名前が付けられています。通信はどのくらいの頻度で利用されていますか？	年に一度
129	0	化石は、人間がゆっくりと散発的に発展してきたという曖昧な物語を語っています。私たちの考え方にとって本当に重要と考えられる新しい化石が発見される頻度はどのくらいでしょうか？	毎晩
130	0	化石は、人間がゆっくりと散発的に発展してきたという曖昧な物語を語っています。私たちの考え方にとって本当に重要と考えられる新しい化石が発見される頻度はどのくらいでしょうか？	週に一度
131	0	化石は、人間がゆっくりと散発的に発展してきたという曖昧な物語を語っています。私たちの考え方にとって本当に重要と考えられる新しい化石が発見される頻度はどのくらいでしょうか？	新しい化石は通常、1分に1回程度のペースで出てくる。
132	0	タイポグラフィでは、デュラーはイタリア語の先例を参考にして、ラテン語のアルファベットの幾何学的な構造を表現しています。デュラーはどのくらいの頻度で幾何学的な構造を描いているのでしょうか？	2回に1回
133	0	彼らは車に荷物を詰めて図書館に向かい、楽しい朝を迎える準備をしていました。彼らはどのくらいの頻度で図書館に車で行くのでしょうか？	1分間に5回
134	0	彼らは車に荷物を詰めて図書館に向かい、楽しい朝を迎える準備をしていました。彼らはどのくらいの頻度で図書館に車で行くのでしょうか？	100年に5回
135	1	彼らは車に荷物を詰めて図書館に向かい、楽しい朝を迎える準備をしていました。彼らはどのくらいの頻度で図書館に車で行くのでしょうか？	週に一度
136	0	彼らは車に荷物を詰めて図書館に向かい、楽しい朝を迎える準備をしていました。彼らはどのくらいの頻度で図書館に車で行くのでしょうか？	一日に5回
137	0	また、当初のプログラムについても様々な提案をしてくれました。プログラムの提案はどのくらいの頻度で受け付けているのでしょうか？	1分に1回
138	1	また、当初のプログラムについても様々な提案をしてくれました。プログラムの提案はどのくらいの頻度で受け付けているのでしょうか？	週に一度
139	0	彼女は、子犬を飼うことができるならば、世話をするのを手伝うと言っていました。彼女はどのくらいの頻度で子犬を求めていたのでしょうか？	一世紀おき
140	0	彼女は、子犬を飼うことができるならば、世話をするのを手伝うと言っていました。彼女はどのくらいの頻度で子犬を求めていたのでしょうか？	一時間おきに
141	0	彼女は、子犬を飼うことができるならば、世話をするのを手伝うと言っていました。彼女はどのくらいの頻度で子犬を求めていたのでしょうか？	毎分
142	0	歩く時は、食べたものからの化学エネルギーを使います。どのくらいの頻度で食事をしていますか？	秒に１回
143	0	歩く時は、食べたものからの化学エネルギーを使います。どのくらいの頻度で食事をしていますか？	1日に27回
144	0	歩く時は、食べたものからの化学エネルギーを使います。どのくらいの頻度で食事をしていますか？	1日に12回
145	0	歩く時は、食べたものからの化学エネルギーを使います。どのくらいの頻度で食事をしていますか？	3日おきに食べている
146	0	峡谷の反対側には、同じ岩の層がはっきりと見えます。峡谷はどのくらいの頻度で形成されるのでしょうか？	数百週間
147	0	峡谷の反対側には、同じ岩の層がはっきりと見えます。峡谷はどのくらいの頻度で形成されるのでしょうか？	1分
148	0	そして、父親のふりをしてトラクターを運転しているふりをしていた。彼はどのくらいの頻度で父親のふりをしてトラクターを運転しているのでしょうか？	一時間に数回
149	0	ビリーはボウルを置いて、そこから食べるために近づいたボウルが倒れるのを待っていました。ビリーは一日に何回ボウルから食べますか？	1.4
150	0	ビリーはボウルを置いて、そこから食べるために近づいたボウルが倒れるのを待っていました。ビリーは一日に何回ボウルから食べますか？	20
151	0	ジョーイは午後、彼らがよく遊んでいた野原や森のような場所で、彼のジャーマンシェパードを探していました。ジョーイはどのくらいの頻度で彼のジャーマンシェパードと遊んでいるのでしょうか？	数ヶ月に一度
152	0	彼は、ショーの到着が迫っていることを知っている美術館のスタッフは数人しかいなかったので、厳しい警備の下で36時間の間に彼の芸術で建物の3つの階を埋めました。この建物ではどのくらいの頻度でショーを開催しているのですか？	1日3回
153	1	彼は、ショーの到着が迫っていることを知っている美術館のスタッフは数人しかいなかったので、厳しい警備の下で36時間の間に彼の芸術で建物の3つの階を埋めました。この建物ではどのくらいの頻度でショーを開催しているのですか？	毎月1回
154	0	瓶の空気とガラス越しに時計がカチカチと音を立てるのが聞こえました。時計はどのくらいの頻度でカチカチと音を立てているのでしょうか？	毎年
155	0	瓶の空気とガラス越しに時計がカチカチと音を立てるのが聞こえました。時計はどのくらいの頻度でカチカチと音を立てているのでしょうか？	1日2秒
156	0	捨てるものの約3分の1は梱包材です。梱包材はどのくらいの頻度で捨てられていますか？	１秒に1回
157	0	彼はまた、通過する船から貢物を恐喝するために海をパトロールするオラン・ラウット海賊を持っていた。海賊はどのくらいの頻度で貢物を集めていたのでしょうか？	一世紀ごとに
158	0	メアリーがマックスの名前を呼ぶと、マックスはリスの元を離れ、喜んで尻尾を振ってメアリーの元に戻りました。マックスはどのくらいの頻度でリスと遊んでいますか？	マックスは10年に一度リスと遊んでいます
159	1	メアリーがマックスの名前を呼ぶと、マックスはリスの元を離れ、喜んで尻尾を振ってメアリーの元に戻りました。マックスはどのくらいの頻度でリスと遊んでいますか？	毎週
160	0	メアリーがマックスの名前を呼ぶと、マックスはリスの元を離れ、喜んで尻尾を振ってメアリーの元に戻りました。マックスはどのくらいの頻度でリスと遊んでいますか？	毎秒
161	1	1990年代の都市部への大きな人口移動に伴い、教育の提供も変容を遂げてきた。現在、都市部への人口移動はどのくらいの頻度で行われているのでしょうか。	毎日
162	0	同じ量の物質が今も存在しているのだから、物質は保存されていると言えます。物質はどのくらいの頻度で保存されているのでしょうか？	たまに
163	0	同じ量の物質が今も存在しているのだから、物質は保存されていると言えます。物質はどのくらいの頻度で保存されているのでしょうか？	一度だけ
164	0	彼らが目を覚ますと、太陽が沈み始めていました。彼らは日中どのくらいの頻度で寝ているのでしょうか？	毎晩
165	1	彼らが目を覚ますと、太陽が沈み始めていました。彼らは日中どのくらいの頻度で寝ているのでしょうか？	週に2回
166	0	弓矢で狩りをしていた臆病で穏やかな遊牧民は、帆を装備したアウトリガーカヌーに乗ってやってきた頑丈な移民の波によって、海岸から追い出された。移民はどのくらいの頻度で新しい土地を探していたのでしょうか？	5分おきに
167	0	レッサムの逮捕に続き、FBIは前代未聞の数の特別な盗聴を要求しました。FBIが盗聴の許可を求める頻度はどれくらいでしょうか？	1分に1回
168	0	レッサムの逮捕に続き、FBIは前代未聞の数の特別な盗聴を要求しました。FBIが盗聴の許可を求める頻度はどれくらいでしょうか？	100年に一度
169	0	1945年のインタビューで、カミュはイデオロギーの関連性を否定した。「いいえ、私は実存主義者ではありません。」カミュはそのキャリアの中で何回インタビューをしたのでしょうか？	1秒に2回
170	0	これでは二階にいることができなくなってしまった、と彼は前腕の傷跡を指差しながら言った。傷を負った後、彼はどのくらいの頻度で引越しを検討したのでしょうか？	１秒に数回
171	0	これでは二階にいることができなくなってしまった、と彼は前腕の傷跡を指差しながら言った。傷を負った後、彼はどのくらいの頻度で引越しを検討したのでしょうか？	２世紀に１度
172	0	私たちは「すべての人のための正義」を約束することがありますが、弁護士を雇う余裕がない人にとっては、その約束はしばしば嘘になります。どのくらいの頻度で人々は正義を持っていることを期待することができますか？	３０世紀毎に
173	0	私たちは「すべての人のための正義」を約束することがありますが、弁護士を雇う余裕がない人にとっては、その約束はしばしば嘘になります。どのくらいの頻度で人々は正義を持っていることを期待することができますか？	90分ごと
174	0	キャンプファイヤーを作る場合は、まず大きな棒や丸太を積み上げるところから始めます。どのくらいの頻度でキャンプファイヤーをしますか？	1時間おきに
175	0	NEADSでは、ハイジャックの報告はすぐに戦闘指揮官ロバート・マー大佐に伝えられた。その脅威はどのくらいの頻度であったのですか？	1 分に 1 回
176	0	NEADSでは、ハイジャックの報告はすぐに戦闘指揮官ロバート・マー大佐に伝えられた。その脅威はどのくらいの頻度であったのですか？	最新のハイジャック
177	0	NEADSでは、ハイジャックの報告はすぐに戦闘指揮官ロバート・マー大佐に伝えられた。その脅威はどのくらいの頻度であったのですか？	1 時間に 90 回
178	0	メリディアン・ナショナル社は普通株750,000株をマカルパイン家の利益のために100万ドル、つまり1株あたり1.35ドルで売却したと述べた。メリディアン・ナショナル社はどのくらいの頻度で他社に株式を売却していますか？	3分おき
179	1	その後、彼女はかなり気分が良くなって眠りにつきました。彼女は一日に何回寝ているのでしょうか？	一回
180	0	その後、彼女はかなり気分が良くなって眠りにつきました。彼女は一日に何回寝ているのでしょうか？	5回
181	1	公式の死者数が女性66人、子供28人、男性20人を含む114人に達したと同省は発表した。死者数はどのくらいの頻度で増加しているのか？	毎日
182	0	磁石は特定の物質に力をかけることができます。磁石が特定の物質に力を与える頻度はどれくらいでしょうか？	決して無い
183	0	それは音が音のエネルギーを転送するために空気の粒子なしで移動することができないためです。どのくらいの頻度で音のエネルギーは転送されますか？	時々
184	1	このようにして、他の主要な議会の利害関係者を新しい委員会の仕事にまとめることができる。委員会はどのくらいの頻度で開催されますか？	毎週
185	0	裁判所命令に違反して250ドル以上の罰金の支払いを命じられた被告はいなかった。罰金はどのくらいの頻度で発行されますか？	毎分
186	1	また、家の裏にある小さな森を通ってかくれんぼをするのも好きでした。彼らはどのくらいの頻度でかくれんぼをしているのでしょうか？	毎日かくれんぼをしています。
187	0	また、家の裏にある小さな森を通ってかくれんぼをするのも好きでした。彼らはどのくらいの頻度でかくれんぼをしているのでしょうか？	臆病な行為を隠す
188	0	私がまだ爆発、乗組員の死、そして救助に巻き込まれていたことを考えると、それはどういうわけか関連性があるようには見えませんでした。このような出来事はどのくらいの頻度で起こるのでしょうか？	数時間おきです
189	0	それらは非常に平坦な地域で、非常に豊かな土壌を持っています。土壌の検査はどのくらいの頻度で行われますか？	毎秒
190	0	サラは、その夜博物館を離れているシングルファーザーである管理者のマイケル・ピアースと付き合っています。マイケルはどのくらいの頻度で博物館にいますか？	1時間に3夜
191	0	サラは、その夜博物館を離れているシングルファーザーである管理者のマイケル・ピアースと付き合っています。マイケルはどのくらいの頻度で博物館にいますか？	週に1分
192	0	サラは、その夜博物館を離れているシングルファーザーである管理者のマイケル・ピアースと付き合っています。マイケルはどのくらいの頻度で博物館にいますか？	毎分
193	0	これはまだ石器時代のことですが、人々は桑の葉で育てた虫が出す糸で絹を作っていたと考えられています。どのくらいの頻度で糸を作っていたのでしょうか？	刻一刻と
194	0	彼女は数年前、学校のエルダー・ロー・クリニックで同じような役職に就いていました。前の職場ではどのくらいの頻度で出勤していましたか？	週に15回
195	0	彼女は数年前、学校のエルダー・ロー・クリニックで同じような役職に就いていました。前の職場ではどのくらいの頻度で出勤していましたか？	毎秒
196	1	アレクサンダー2世の死は、改革運動に大きな挫折をもたらした。改革運動はどのくらいの頻度で 挫折を経験したのでしょうか？	定期的に
197	0	消化器の主な器官には、口、食道、胃、小腸・大腸などがあります。消化器はどのくらいの頻度で使われていますか？	月に2回
198	0	消化器の主な器官には、口、食道、胃、小腸・大腸などがあります。消化器はどのくらいの頻度で使われていますか？	隔夜
199	0	消化器の主な器官には、口、食道、胃、小腸・大腸などがあります。消化器はどのくらいの頻度で使われていますか？	隔日
200	0	消化器の主な器官には、口、食道、胃、小腸・大腸などがあります。消化器はどのくらいの頻度で使われていますか？	一世紀に一度
201	0	停電中に、家は、以前にジョーを殺してアイリスを誘拐したエイリアンに襲われています。エイリアンはどのくらいの頻度で家を攻撃しますか？	5回
202	0	彼らは初めて飛行機でヨーロッパを旅し、様々な人や景色を見てきました。どのくらいの頻度で飛行機に乗っていたのでしょうか？	5時間に一度
203	0	彼らは初めて飛行機でヨーロッパを旅し、様々な人や景色を見てきました。どのくらいの頻度で飛行機に乗っていたのでしょうか？	1時間に1回
204	0	彼女が去る直前、ターシャは「あなたは芸術のために人生から盗むのよ、ベルナルド」と言った。ターシャはベルナルドをどのくらいの頻度で怒鳴っているのだろうか。	一秒に一回
205	1	この時代の別の主要な論文では、アインシュタインは、ドブロイ波の波動方程式を与えたアインシュタインは、力学のハミルトン-ヤコビ方程式を示唆した。どのくらいの頻度でアインシュタインは彼の波動方程式を公開したのですか？	彼は生涯の間に彼の波動方程式を公開した
206	0	この時代の別の主要な論文では、アインシュタインは、ドブロイ波の波動方程式を与えたアインシュタインは、力学のハミルトン-ヤコビ方程式を示唆した。どのくらいの頻度でアインシュタインは彼の波動方程式を公開したのですか？	毎秒
207	1	二人は親しい友人になるが、秘密を明らかにしない。友達はどのくらいの頻度でたむろしていますか？	週6回
208	0	二人は親しい友人になるが、秘密を明らかにしない。友達はどのくらいの頻度でたむろしていますか？	ほとんどの世紀
209	0	二人は親しい友人になるが、秘密を明らかにしない。友達はどのくらいの頻度でたむろしていますか？	1時間に2回
210	0	王子様やお姫様たちは、鳥や虫や花や根っこや貝殻の良さを判断していました。彼らはどのくらいの頻度で物の良し悪しを判断していたのでしょうか？	世紀ごとに
211	0	王子様やお姫様たちは、鳥や虫や花や根っこや貝殻の良さを判断していました。彼らはどのくらいの頻度で物の良し悪しを判断していたのでしょうか？	一日に五回
212	1	犬抑留所にいる子犬たちは皆、愛情のこもった家を必要としています。ドッグパウンドではどのくらいの頻度で子犬が養子に出されているのでしょうか？	毎日
213	0	犬抑留所にいる子犬たちは皆、愛情のこもった家を必要としています。犬抑留所ではどのくらいの頻度で子犬が養子に出されますか？	54ヶ月に一度
214	0	犬抑留所にいる子犬たちは皆、愛情のこもった家を必要としています。犬抑留所ではどのくらいの頻度で子犬が養子に出されますか？	1秒に2回
215	1	例えば、銅製のペニーを酢の中に入れておくと、銅製のペニーについてしまったくすみを元に戻すことができます。どのくらいの頻度でペニーを酢の中に入れますか？	毎年
216	1	例えば、銅製のペニーを酢の中に入れておくと、銅製のペニーについてしまったくすみを元に戻すことができます。どのくらいの頻度でペニーを酢の中に入れますか？	年に一度
217	0	例えば、銅製のペニーを酢の中に入れておくと、銅製のペニーについてしまったくすみを元に戻すことができます。どのくらいの頻度でペニーを酢の中に入れますか？	毎秒
218	0	例えば、銅製のペニーを酢の中に入れておくと、銅製のペニーについてしまったくすみを元に戻すことができます。どのくらいの頻度でペニーを酢の中に入れますか？	一年に一週間
219	1	見守る母は、男たちと神の道を学ぶ。母親はどのくらいの頻度で見ているのでしょうか？	毎日
220	0	昨日の昼過ぎのロンドンでは、ラトナーズ株は2ペンス（1.26セント）上昇し、260ペンス（1.64ドル）となりました。ラトナーズの株がここまで高くなるのはどれくらいの頻度なのでしょうか？	午後の半ば
221	0	ウォレスはウェストバージニア州アテネに住んでおり、夫のロブ（37歳）、娘のレイチェル（11歳）とクレア（5歳）と一緒に暮らしています。ウォレスはアテネ以外にどのくらいの頻度で出張していますか？	いつも、時々アテネにいます
222	0	スピタメネスの死と新しい総督の領地との関係を固めるためのロクサーナ（バクトリア語でロシャナク）との結婚で、アレクサンダーはインド亜大陸に目を向けた。アレクサンダーはどのくらいの頻度でインドへの遠征を開始したのでしょうか？	毎日
223	0	スピタメネスの死と新しい総督の領地との関係を固めるためのロクサーナ（バクトリア語でロシャナク）との結婚で、アレクサンダーはインド亜大陸に目を向けた。アレクサンダーはどのくらいの頻度でインドへの遠征を開始したのでしょうか？	隔分
224	0	移行があり、[クリニック]は、いくつかの空白を埋めるのに役立っていると、東部地区高等裁判所の管理者であるデニ・バトラーは述べています。デニ・バトラーはどのくらいの頻度で行政業務について話しますか？	1時間に1回
225	0	びしょ濡れになった彼は、私が芝生の上でサンドイッチを食べているところに走ってきて、私の膝の上で丸くなったので、私は彼を気持ちよくさせてあげようとしました。彼は月に何回彼女の膝の上に横たわっているのだろうか？	0.6回
226	0	8月のミサイル攻撃の後、タリバンに圧力をかけるための外交的な選択肢は、軍事的な選択肢よりも有望ではないように見えた。空爆はどのくらいの頻度で行われたのだろうか？	その世紀に一度
227	1	敵の結束力にダメージを与えたフィリップは、彼の軍隊に前進を命じ、すぐに彼らを追い詰めた。フィリップはどのくらいの頻度で軍隊の位置を確認しますか？	30分毎
228	0	敵の結束力にダメージを与えたフィリップは、彼の軍隊に前進を命じ、すぐに彼らを追い詰めた。フィリップはどのくらいの頻度で軍隊の位置を確認しますか？	数秒おき
229	0	偵察船は、ビロードのような黒さの球体から現れた輝かしい斑点の穴から再び現れた。偵察船は何回穴から再出現したのでしょうか？	偵察船が穴から再出現した回数は5.67回
230	1	偵察船は、ビロードのような黒さの球体から現れた輝かしい斑点の穴から再び現れた。偵察船は何回穴から再出現したのでしょうか？	一度だけ
231	0	マッサーガの砦が縮小されたのは、アレクサンダーが足首に重傷を負った血なまぐさい戦闘の数日後のことだった。アレクサンダーは何回足首を負傷したのでしょうか？	100回
232	1	俳優や探偵なら誰でも言えることだが、変装とはメイクの問題ではなく、暗示の問題なのだ。探偵はどのくらいの頻度で変装しているのでしょうか？	週に一度
233	1	俳優や探偵なら誰でも言えることだが、変装とはメイクの問題ではなく、暗示の問題なのだ。探偵はどのくらいの頻度で変装しているのでしょうか？	毎週
234	1	第三に、クトゥブが神とサタンの間の闘争として考えたものには、中間点は存在しない。神とサタンはどのくらいの頻度で争っているのでしょうか？	毎晩
235	1	第三に、クトゥブが神とサタンの間の闘争として考えたものには、中間点は存在しない。神とサタンはどのくらいの頻度で争っているのでしょうか？	いつも
236	0	氷河と呼ばれる巨大な氷床が、今日見られる土地に特徴をもたらしました。氷河はどのくらいの頻度で動いていますか？	千年に一度
237	0	氷河と呼ばれる巨大な氷床が、今日見られる土地に特徴をもたらしました。氷河はどのくらいの頻度で動いていますか？	3年ごと
238	0	氷河と呼ばれる巨大な氷床が、今日見られる土地に特徴をもたらしました。氷河はどのくらいの頻度で動いていますか？	0.33週ごと
239	0	アナは、スペリングが上手になるように一生懸命勉強しました。アナは1日にどれくらいの頻度で勉強していたのでしょうか？	アナは1世紀に2回勉強していました
240	1	擬テンソルのような非共変オブジェクトの使用は、1917年にエルヴィン・シュレディンガーなどによって強く批判されました。擬テンソルはどのくらいの頻度で批判されたのでしょうか？	週に一度
241	0	井戸は3か月後に蓋をされましたが、何百万バレルもの石油が湾に流出する前ではありませんでした。油流出はどのくらいの頻度で起こるのでしょうか？	今年後半、3つの衛星の
242	0	井戸は3か月後に蓋をされましたが、何百万バレルもの石油が湾に流出する前ではありませんでした。油流出はどのくらいの頻度で起こるのでしょうか？	毎シーズン
243	1	もう一つの例としては、私はメイプルストリートとメインストリートの角にいます。どちらの通りも、あなたの町に住んでいる人にとっては参考になるかもしれません。どのくらいの頻度で場所の案内をしているのでしょうか？	毎年
244	1	「何機かの飛行機を持っている」という発言を思い出し、ボストンセンターはデルタ航空1989便もハイジャックされる可能性があると推測しました。飛行機のハイジャックは10年に何回起こるのでしょうか？	飛行機のハイジャックは10年ごとに10回発生している
245	0	「何機かの飛行機を持っている」という発言を思い出し、ボストンセンターはデルタ航空1989便もハイジャックされる可能性があると推測しました。飛行機のハイジャックは10年に何回起こるのでしょうか？	七千回
246	0	「何機かの飛行機を持っている」という発言を思い出し、ボストンセンターはデルタ航空1989便もハイジャックされる可能性があると推測しました。飛行機のハイジャックは10年に何回起こるのでしょうか？	一万回
247	0	では、光が光沢のある表面に当たった後、光がどこに行くかはどうやって分かるのでしょうか？光は何回反射するのでしょうか？	月に一度
248	0	そのきっかけとなったのは、ハミルトン財務長官が「国の財政の将来を確保し、自分の一族が大穀物倉庫と銀行業務で富を作ることを可能にした」ということでした。ハミルトン長官はどのくらいの頻度で出勤しているのでしょうか？	1時間おき
249	1	そのきっかけとなったのは、ハミルトン財務長官が「国の財政の将来を確保し、自分の一族が大穀物倉庫と銀行業務で富を作ることを可能にした」ということでした。ハミルトン長官はどのくらいの頻度で出勤しているのでしょうか？	平日毎に
250	0	ナンディー二の後をつけていたジャアヌは、ナンディーニに恋をしていると思っていたプリータムを殴りつける。ジャアヌは何回プリータムを殴ったのでしょうか。	150回
251	0	ナンディー二の後をつけていたジャアヌは、ナンディーニに恋をしていると思っていたプリータムを殴りつける。ジャアヌは何回プリータムを殴ったのでしょうか。	450回
252	0	しかし今回は、匿名のアーティストが英国のブリストル美術館の館長と協力して活動しました。二人は以前にどれくらいの頻度で一緒に仕事をしたことがあるのだろうか？	9000回
253	0	半導体の研究開発に年間5億ドル以上を費やしている。あと何回資金が必要になるのでしょうか？	常に
254	0	ギャンブルが合法化されたことで、アメリカ全土で合法化が進みました。どれくらいの頻度でギャンブルは合法化されましたか？	1000回
255	0	ギャンブルが合法化されたことで、アメリカ全土で合法化が進みました。どれくらいの頻度でギャンブルは合法化されましたか？	週に一度
256	0	しかし、別の航空機がワシントンに向かっていました。それは、ノーラッドが何も聞いていないユナイテッド93という航空機でした。ノーラッドはどのくらいの頻度で飛行を監視しているのですか？	ノーラッドが飛行を監視することはありません
257	0	しかし、別の航空機がワシントンに向かっていました。それは、ノーラッドが何も聞いていないユナイテッド93という航空機でした。ノーラッドはどのくらいの頻度で飛行を監視しているのですか？	数ヶ月に一度
258	0	一方、カイロ博物館に保管されていたプレムのミイラは、ハスミドがシュラウドの上で神聖な誓いを唱えた時に蘇った。神聖な誓いはどのくらいの頻度で唱える必要があるのでしょうか？	毎時
259	0	サフティ博士は命を救うことにとても忙しいので、病気になったエドウィナを個人的に世話をすることができません。サフティ博士はどのくらいの頻度で命を救っているのですか？	ほぼ毎分
260	0	サフティ博士は命を救うことにとても忙しいので、病気になったエドウィナを個人的に世話をすることができません。サフティ博士はどのくらいの頻度で命を救っているのですか？	ほぼ毎分
261	0	2008年の全豪オープン決勝でツォンガを破ったセルビア人は、オーストラリア人の18歳のベルナルド・トミックの夢の舞台に終止符を打った。セルビア人がツォンガを破った回数は？	2400回
262	1	長い目で見れば買うものが少なくなるので、資源だけでなくお金も貯められるようになります。どのくらいの頻度でお金を貯めますか？	毎月
263	0	アレクサンダーはその後、マッサーガ、オラ、アオルノスの拠点で戦ったアサケノイと戦いました。アレクサンダーはどれくらいの頻度で アサケノイと戦ったのでしょうか？	毎分
264	0	アナはこの最後の単語を綴るだけで優勝していました。コンテストはどのくらいの頻度で開催されているのでしょうか？	1秒に1回
265	0	NMCCはホワイトハウスからユナイテッド航空93便のことを知りました。ユナイテッド航空93便はどのくらいの頻度で議論されていますか？	毎時
266	0	NMCCはホワイトハウスからユナイテッド航空93便のことを知りました。ユナイテッド航空93便はどのくらいの頻度で議論されていますか？	いつも
267	0	我々の調査では、米国内の人物がハイジャック犯に多額の資金援助をしたという信憑性のある証拠はありませんでした。このような調査はどのくらいの頻度で行われていますか？	1日に5.56回
268	0	石蹴り遊びや縄跳びが好きなのですが、その日は鬼ごっこがしたかったのです。どのくらいの頻度で鬼ごっこをしているのでしょうか？	18回
269	0	ベビーシューズを箱に入れる前に綺麗にしていたら即効性がアップしていた。ベビーシューズはどのくらいの頻度で箱に入れていますか？	1時間おき
270	0	ベビーシューズを箱に入れる前に綺麗にしていたら即効性がアップしていた。ベビーシューズはどのくらいの頻度で箱に入れていますか？	毎週
271	1	では、原子の種類が1種類しかない物質を何と呼ぶのでしょうか？大きな科学的発見はどのくらいの頻度で行われているのでしょうか？	年に一度
272	0	オープニングシーンでは、ランディ-モートンはウォルドルフで典型的な金曜日の午後を説明します。彼はどのくらいの頻度でウォルドルフに行くのでしょうか？	毎年
273	0	オープニングシーンでは、ランディ-モートンはウォルドルフで典型的な金曜日の午後を説明します。彼はどのくらいの頻度でウォルドルフに行くのでしょうか？	週に15回
274	0	オープニングシーンでは、ランディ-モートンはウォルドルフで典型的な金曜日の午後を説明します。彼はどのくらいの頻度でウォルドルフに行くのでしょうか？	一世紀に一度
275	0	イランコントラの悪名高いオリバー・ノースは自分のコンピューターを消したと思っていたが、後にその情報は議会の委員会が読むために回収されたと言っています。議会の委員会はどのくらいの頻度で開催されていますか？	1日に0.6回
276	0	イランコントラの悪名高いオリバー・ノースは自分のコンピューターを消したと思っていたが、後にその情報は議会の委員会が読むために回収されたと言っています。議会の委員会はどのくらいの頻度で開催されていますか？	1日3回
277	1	第一次世界大戦と第二次世界大戦の間に学校は不足していた。第一次世界大戦は何回起きたのでしょうか？	一回
278	0	第一次世界大戦と第二次世界大戦の間に学校は不足していた。第一次世界大戦は何回起きたのでしょうか？	5回
279	1	記録によると、9時25分に始まり、CIA、FBI、国務省、司法省、国防省、FAA、ホワイトハウスのシェルターが含まれていました。イベントはどのくらいの頻度で起きているのですか？	年に２回
280	1	冬が近づくと、葉の色が変わることで反応する植物があります。葉の色が変わるのは1年に何回でしょうか？	一回
281	0	冬が近づくと、葉の色が変わることで反応する植物があります。葉の色が変わるのは1年に何回でしょうか？	1時間に1回
282	1	彼はお気に入りの椅子に飛び乗って、マギーがその下を走るのを見下ろした。彼はどのくらいの頻度でお気に入りの椅子を使っていたのでしょうか？	毎日
283	1	彼はお気に入りの椅子に飛び乗って、マギーがその下を走るのを見下ろした。彼はどのくらいの頻度でお気に入りの椅子を使っていたのでしょうか？	毎晩
284	0	彼はお気に入りの椅子に飛び乗って、マギーがその下を走るのを見下ろした。彼はどのくらいの頻度でお気に入りの椅子を使っていたのでしょうか？	毎月
285	0	マルチネスさんは医師の助手として2つの仕事をしながら、高齢の両親と8歳の息子をサポートしています。マルチネスさんはどのくらいの頻度で働いているのでしょうか？	週に1.67時間
286	0	マルチネスさんは医師の助手として2つの仕事をしながら、高齢の両親と8歳の息子をサポートしています。マルチネスさんはどのくらいの頻度で働いているのでしょうか？	年間15時間
287	0	世界保健機関（WHO）の報告書によると、ペルシャ湾岸戦争で国の医療インフラの多くが破壊されました。ペルシャ湾岸戦争はどのくらいの頻度で起こったのでしょうか？	5回
288	0	世界保健機関（WHO）の報告書によると、ペルシャ湾岸戦争で国の医療インフラの多くが破壊されました。ペルシャ湾岸戦争はどのくらいの頻度で起こったのでしょうか？	1.67回
289	1	ランサムは彼女だけでなく、彼への愛を宣言した若いファーン・サイモンの世話をしています。ランサムとファーンはどのくらいの頻度で話をしているのでしょうか？	毎晩
290	0	ランサムは彼女だけでなく、彼への愛を宣言した若いファーン・サイモンの世話をしています。ランサムとファーンはどのくらいの頻度で話をしているのでしょうか？	年に一度
291	1	1802年に完成したこの家を、彼の祖父アレクサンダーがスコットランドのアーシャーに所有していた土地にちなんで「グランジ」と名付けました。彼らはそれまでどのくらいの頻度で家を建てていたのだろうか？	一度
292	1	犬は彼に付き添い、フレンドリーに彼の周りを跳ね回りました。どのくらいの頻度で散歩に行くのですか？	毎日
293	0	彼は以前に犬を見たことがあり、すべての猫も見たことがあり、ヘンリーという名前の黒い犬と一緒に住んでいましたが、茶色の犬は見たことがありませんでした。犬を見る頻度は？	２世紀に１度
294	0	彼らが会ったとき、ジョンは彼の父が彼を見捨てたと非難するが、彼の父は「彼はそれをジョンに任せた」と言う。ジョンと父親は年に何回会うの？	毎晩
295	0	彼らが会ったとき、ジョンは彼の父が彼を見捨てたと非難するが、彼の父は「彼はそれをジョンに任せた」と言う。ジョンと父親は年に何回会うの？	年に85回
296	0	彼はイスラム教徒にとってアメリカ人を殺すのは、他の異教徒を殺すことよりも重要だと主張した。彼はどのくらいの頻度で 彼の主張を繰り返していましたか？	一世紀に20回
297	1	彼はイスラム教徒にとってアメリカ人を殺すのは、他の異教徒を殺すことよりも重要だと主張した。彼はどのくらいの頻度で 彼の主張を繰り返していましたか？	毎日
298	0	その結果、地球の地殻が地域やプレートに分かれていることがわかりました。地球の地殻はどのくらいの頻度で地域に分裂するのでしょうか？	百万時間ごと
299	0	その結果、地球の地殻が地域やプレートに分かれていることがわかりました。地球の地殻はどのくらいの頻度で地域に分裂するのでしょうか？	毎週金曜日
300	0	彼女は落ち着かない野生の馬マジェスティックの話をし始めました。彼女はどのくらいの頻度でその話をしたのでしょうか？	一秒に一度
301	0	彼女は落ち着かない野生の馬マジェスティックの話をし始めました。彼女はどのくらいの頻度でその話をしたのでしょうか？	33.33回
302	0	その後、常務弁護士、上級弁護士、高齢化対策プロジェクトのディレクターを経て、昇進を果たしました。昇進の頻度は？	毎日
303	0	その後、常務弁護士、上級弁護士、高齢化対策プロジェクトのディレクターを経て、昇進を果たしました。昇進の頻度は？	各世紀ごとに
304	0	その後、常務弁護士、上級弁護士、高齢化対策プロジェクトのディレクターを経て、昇進を果たしました。昇進の頻度は？	だいたい3分おきに
305	0	フーバーダム（元々はボルダーダム、後にプロジェクトを許可した大統領の名前に変更）の建設は、1931年にラスベガスの南東45マイル（72キロ）の峡谷で始まりました。建設作業員はどのくらいの頻度でフーバーダムで働いていたのでしょうか？	毎年
306	0	フーバーダム（元々はボルダーダム、後にプロジェクトを許可した大統領の名前に変更）の建設は、1931年にラスベガスの南東45マイル（72キロ）の峡谷で始まりました。建設作業員はどのくらいの頻度でフーバーダムで働いていたのでしょうか？	隔週火曜日
307	1	氾濫原とは、洪水の水が引いていくときに豊かな土の層が厚く残っている場所のことです。氾濫原ではどのくらいの頻度で洪水が起こるのでしょうか？	毎年
308	0	氾濫原とは、洪水の水が引いていくときに豊かな土の層が厚く残っている場所のことです。氾濫原ではどのくらいの頻度で洪水が起こるのでしょうか？	15時間に一度
309	0	氾濫原とは、洪水の水が引いていくときに豊かな土の層が厚く残っている場所のことです。氾濫原ではどのくらいの頻度で洪水が起こるのでしょうか？	週に一度
310	0	彼らは写真が撮られたとき、ロルフは明らかに自撮りの王様だと言っているのを聞いた。ロルフはどのくらいの頻度で自撮りをしているのでしょうか？	1分間に5回
311	0	彼らは写真が撮られたとき、ロルフは明らかに自撮りの王様だと言っているのを聞いた。ロルフはどのくらいの頻度で自撮りをしているのでしょうか？	月に10回
312	1	その後、物語は1920年に進み、科学者のバジル・ウォルデン卿とビジネスマンのスタンリー・プレストンが墓を見つけた探検を示しています。どのくらいの頻度で科学者は遠征を率いましたか？	一年に一度
313	0	タージ・ジャクソンは同誌に語った。ママは私たちが本当の子供時代を過ごせるように、誕生日パーティーや野球、家族でのお出かけなどをしてくれました。タージ・ジャクソンはどのくらいの頻度で誕生日パーティーをしていたのだろうか？	6日おき
314	0	タージ・ジャクソンは同誌に語った。ママは私たちが本当の子供時代を過ごせるように、誕生日パーティーや野球、家族でのお出かけなどをしてくれました。タージ・ジャクソンはどのくらいの頻度で誕生日パーティーをしていたのだろうか？	6分おき
315	1	タージ・ジャクソンは同誌に語った。ママは私たちが本当の子供時代を過ごせるように、誕生日パーティーや野球、家族でのお出かけなどをしてくれました。タージ・ジャクソンはどのくらいの頻度で誕生日パーティーをしていたのだろうか？	年に一度
316	0	フーバーダムの1935年の落成式に出席した大群衆は、今では手ごわい広報機を稼働させた。フーバーダムの落成式はどのくらいの頻度で行われたのでしょうか？	週に一度
317	0	外国人や産業スパイ、不満を持つ従業員による電子機器の盗難は、米国企業に何十億ものコストをかけ、国際的な競争力を蝕んでいます。企業内での電子機器の盗難はどのくらいの頻度で発生するのでしょうか？	100年に一度
318	0	ユドは答えます、「キリストの御座にあるのはキリストではありません。」ユドはどのくらいの頻度で教会に通っているのですか？	一秒に1回
319	0	ユドは答えます、「キリストの御座にあるのはキリストではありません。」ユドはどのくらいの頻度で教会に通っているのですか？	毎週月曜日の午前1.67時
320	0	ユドは答えます、「キリストの御座にあるのはキリストではありません。」ユドはどのくらいの頻度で教会に通っているのですか？	一時間に一度
321	0	コロンビア大学のROTC士官候補生と海兵隊員候補生のための学生団体は、アレクサンダー・ハミルトン・ソサエティと名付けられています。アレキサンダー・ハミルトン・ソサエティのミーティングはどのくらいの頻度で行われているのですか？	1日45回
322	0	ビリーはタンブルがオートミールを食べるのを見るのが大好きでした。タンブルは一日に何回オートミールを食べますか？	七回
323	1	エレン・ポラックの『性的神話の詩学』（1985年）は、教皇が女性を知性的にも肉体的にも男性よりも劣っているとみなす反フェミニストの伝統に従っていたことを論じている。教皇は一日に何回フェミニストのメッセージを受け取るのか？	ローマ法王は一日に何回かフェミニストのメッセージを受け取る
324	1	ウェストバージニア大学法学部の女性党員集会の投票で選ばれ、表彰されました。賞の授与は年に何回ですか？	毎年
325	1	カジノ事業者は事業内容を見直す必要がありました。カジノ事業者は週に何日出勤しているのか？	週5日出勤
326	0	カジノ事業者は事業内容を見直す必要がありました。カジノ事業者は週に何日出勤しているのか？	100年に一度
327	0	アーサーは、「では、なぜ」と突っ込みを入れた。「すべてを無視して、この迷信的な、病的な、異教的な戯言に戻るのですか？」アーサーはどれくらいの頻度で相手に怒りをぶつけているのだろうか？	一時間に0.6回
328	1	彼の民衆は彼を壊そうとしたが、彼は心が荒んでいた。民衆はどれくらいの頻度で彼を壊そうとしたのでしょうか？	毎日
329	1	彼の民衆は彼を壊そうとしたが、彼は心が荒んでいた。民衆はどれくらいの頻度で彼を壊そうとしたのでしょうか？	人々は毎日彼を壊そうとした
330	0	司法省は同日、注意喚起に関する声明を発表した。司法省はどのくらいの頻度で声明を発表しているのでしょうか？	司法省は他を明らかにした
331	0	9.11テロが起きた時、副大統領の対策本部はちょうど動き出したところだった。このようなテロは世界でどのくらいの頻度で起こるのでしょうか？	5週間に一度
332	0	9.11テロが起きた時、副大統領の対策本部はちょうど動き出したところだった。このようなテロは世界でどのくらいの頻度で起こるのでしょうか？	5秒に1回
333	0	ロックスター志望のエースは、宇宙人が地球を侵略してきた時、ギターウルフのコンサートに向かう途中だった。エースはどのくらいの頻度でコンサートに行くのでしょうか？	1日3回
334	0	ロックスター志望のエースは、宇宙人が地球を侵略してきた時、ギターウルフのコンサートに向かう途中だった。エースはどのくらいの頻度でコンサートに行くのでしょうか？	一日に三回
335	0	ロックスター志望のエースは、宇宙人が地球を侵略してきた時、ギターウルフのコンサートに向かう途中だった。エースはどのくらいの頻度でコンサートに行くのでしょうか？	毎時間
336	1	ロックスター志望のエースは、宇宙人が地球を侵略してきた時、ギターウルフのコンサートに向かう途中だった。エースはどのくらいの頻度でコンサートに行くのでしょうか？	毎週
337	0	ボストンセンターTMU [交通管理ユニット] ここで問題が発生しています問題はどのくらいの頻度で発生しましたか？	3世紀に一度
338	0	ジョンソンは、カリフォルニア州第二地方控訴裁判所の判事です。ジョンソンは週に何回法廷に出廷しますか？	一度も出廷していません
339	1	イラク戦争の退役軍人で私立探偵のスぺロ・ルーカスを主人公にした新シリーズの第一弾です。週に何回放送されましたか？	一回
340	1	ビンラディンと彼の側近は、アメリカへの攻撃計画の資金調達に大金を必要としませんでした。彼らは攻撃を計画するためにどのくらいの頻度で会っていたのでしょうか？	毎日
341	1	ビンラディンと彼の側近は、アメリカへの攻撃計画の資金調達に大金を必要としませんでした。彼らは攻撃を計画するためにどのくらいの頻度で会っていたのでしょうか？	一晩に一度
342	1	ビンラディンと彼の側近は、アメリカへの攻撃計画の資金調達に大金を必要としませんでした。彼らは攻撃を計画するためにどのくらいの頻度で会っていたのでしょうか？	一日一回
343	0	これらの臓器はすべて連携して働いており、食べたものからエネルギーを得ることができます。臓器はどれくらいの頻度で食べ物をエネルギーに変換しているのでしょうか？	食べる前に毎回
344	0	これらの臓器はすべて連携して働いており、食べたものからエネルギーを得ることができます。臓器はどれくらいの頻度で食べ物をエネルギーに変換しているのでしょうか？	一晩おきに
345	0	これらの臓器はすべて連携して働いており、食べたものからエネルギーを得ることができます。臓器はどれくらいの頻度で食べ物をエネルギーに変換しているのでしょうか？	一日おき
346	0	これらの基準で測定した結果、当社の歴史上最高の安全実績を記録しました。どのくらいの頻度で安全実績を記録しているのでしょうか？	30年に一度
347	0	これらの基準で測定した結果、当社の歴史上最高の安全実績を記録しました。どのくらいの頻度で安全実績を記録しているのでしょうか？	今年
348	0	これらの基準で測定した結果、当社の歴史上最高の安全実績を記録しました。どのくらいの頻度で安全実績を記録しているのでしょうか？	100年に1回
349	1	地球がなぜ磁石のように振る舞うのかを知ることができたのは地震計のおかげでした。測定はどのくらいの頻度で行われたのですか？	毎朝
350	0	到着すると、お城は想像以上に大きく見えました。どのくらいの頻度で想像していたのか	100年のうちの１ヶ月に2回
351	0	到着すると、お城は想像以上に大きく見えました。どのくらいの頻度で想像していたのか	72000回
352	1	例えば、図 2.20 のようなファーマーズ・マーケットで地元の農産物を買うとします。彼らはどのくらいの頻度でファーマーズ・マーケットで農産物を買っているのでしょうか？	週に2回
353	0	例えば、図 2.20 のようなファーマーズ・マーケットで地元の農産物を買うとします。彼らはどのくらいの頻度でファーマーズ・マーケットで農産物を買っているのでしょうか？	1時間に2回
354	0	リチャード・ブルックウェル警部はクロスと相棒のトミー・ケインを事件現場に呼び出す。彼らはどのくらいの頻度で現場に呼ばれているのか?	彼らは１世紀に2回犯罪の現場によばれている。
355	0	リチャード・ブルックウェル警部はクロスと相棒のトミー・ケインを事件現場に呼び出す。彼らはどのくらいの頻度で現場に呼ばれているのか?	月に2回
356	1	アッタとオマリはポートランドからボストンのローガン国際空港に向かう午前6時の便に搭乗しました。彼らは月に何回飛行機に乗っているのだろうか？	数回
357	1	私たちが重視してきたのは、潜在的なクライアントに私たちのことを知ってもらい、サービスを提供することだと、デュドヴィッツ氏は述べています。デュドヴィッツ氏はどのくらいの頻度で潜在的なクライアントと契約していますか？	3ヶ月に1回
358	1	私たちが重視してきたのは、潜在的なクライアントに私たちのことを知ってもらい、サービスを提供することだと、デュドヴィッツ氏は述べています。デュドヴィッツ氏はどのくらいの頻度で潜在的なクライアントと契約していますか？	数週間に一度
359	1	イギリスは1802年、アミアン条約の条件の下、ついにスペインに島を割譲しました。イギリスは何回島を割譲したのでしょうか？	彼らは一度だけ島を割譲した
360	0	イギリスは1802年、アミアン条約の条件の下、ついにスペインに島を割譲しました。イギリスは何回島を割譲したのでしょうか？	彼らはそれをめぐって1回戦った
361	1	その後、ポルトガル人探検家たちはマカオ（現在のマカオ）、コンゴ、そしてスーダンを含むアフリカの様々な地域に乗り出しました。ポルトガルはどのくらいの頻度で探検隊を派遣したのでしょうか？	10年ごとに
362	0	その後、ポルトガル人探検家たちはマカオ（現在のマカオ）、コンゴ、そしてスーダンを含むアフリカの様々な地域に乗り出しました。ポルトガルはどのくらいの頻度で探検隊を派遣したのでしょうか？	一世紀に一度
363	0	その後、ポルトガル人探検家たちはマカオ（現在のマカオ）、コンゴ、そしてスーダンを含むアフリカの様々な地域に乗り出しました。ポルトガルはどのくらいの頻度で探検隊を派遣したのでしょうか？	週に一度
364	1	その後、ポルトガル人探検家たちはマカオ（現在のマカオ）、コンゴ、そしてスーダンを含むアフリカの様々な地域に乗り出しました。ポルトガルはどのくらいの頻度で探検隊を派遣したのでしょうか？	10年ごと
365	0	「おいしい朝ごはんを食べて」と聞いたことがある人は、それが理由です。どのくらいの頻度で良い朝食を食べていますか？	1日15回
366	0	「おいしい朝ごはんを食べて」と聞いたことがある人は、それが理由です。どのくらいの頻度で良い朝食を食べていますか？	1分に5回
367	0	「おいしい朝ごはんを食べて」と聞いたことがある人は、それが理由です。どのくらいの頻度で良い朝食を食べていますか？	毎晩
368	0	カラドはイエメンで身元を間違えて逮捕され、ビンラディンの助けを借りて解放されるまでは、先にも述べたように、イエメンでの活動に協力していました。カラドはどのくらいの頻度で逮捕されますか？	月に一度
369	1	カラドはイエメンで身元を間違えて逮捕され、ビンラディンの助けを借りて解放されるまでは、先にも述べたように、イエメンでの活動に協力していました。カラドはどのくらいの頻度で逮捕されますか？	一度だけ
370	0	カラドはイエメンで身元を間違えて逮捕され、ビンラディンの助けを借りて解放されるまでは、先にも述べたように、イエメンでの活動に協力していました。カラドはどのくらいの頻度で逮捕されますか？	週に一度くらい
371	0	ハンター・ハスから、彼女はミセンハイマーのファイファー大学で学位を取得するために進みました。彼女はどのくらいの頻度で専攻を見直したのでしょうか？	1500回
372	0	その後、彼らは山を越えて旅に出たところから、船に乗ってアフリカやアジアに行った。彼らはどのくらいの頻度で旅行に行っているのでしょうか？	一時間に一度
373	0	その後、彼らは山を越えて旅に出たところから、船に乗ってアフリカやアジアに行った。彼らはどのくらいの頻度で旅行に行っているのでしょうか？	1秒に2回
374	0	その後、彼らは山を越えて旅に出たところから、船に乗ってアフリカやアジアに行った。彼らはどのくらいの頻度で旅行に行っているのでしょうか？	毎月
375	1	彼女がずっと持っていたので、今はこげ茶色になっています。どのくらいの頻度で使用していますか？	年に5回
376	0	彼女がずっと持っていたので、今はこげ茶色になっています。どのくらいの頻度で使用していますか？	1分おきに使っています
377	1	彼女がずっと持っていたので、今はこげ茶色になっています。どのくらいの頻度で使用していますか？	月に一度のペースで使用しています。
378	0	さらに彼は、コンピュータのメモリから「消去」された後に企業秘密を盗むための技術が今では存在すると言いました。消去された後に企業秘密が盗まれることはどのくらいの頻度であるのだろうか？	毎年約40回
379	0	さらに彼は、コンピュータのメモリから「消去」された後に企業秘密を盗むための技術が今では存在すると言いました。消去された後に企業秘密が盗まれることはどのくらいの頻度であるのだろうか？	毎秒約70回
380	1	やせ細ったきれいな女性が立ち上がって、両手を前に握りしめた。彼女はどのくらいの頻度で手を握りしめているのだろうか。	毎日
381	0	やせ細ったきれいな女性が立ち上がって、両手を前に握りしめた。彼女はどのくらいの頻度で手を握りしめているのだろうか。	一世紀に一度
382	0	彼がワシントンの被告側弁護士のために働いていないとき、ルーカスは40％の削減のために盗まれた財産を取り戻します。彼が人のために盗まれた資産を回収する頻度は？	毎秒
383	0	彼がワシントンの被告側弁護士のために働いていないとき、ルーカスは40％の削減のために盗まれた財産を取り戻します。彼が人のために盗まれた資産を回収する頻度は？	1秒に3回
384	1	来年も少なくとも１８０件の事件を処理するのに役立つだろうと彼は見積もっています。お金はどのくらいの頻度で人々を助けたのでしょうか？	毎月
385	0	来年も少なくとも１８０件の事件を処理するのに役立つだろうと彼は見積もっています。お金はどのくらいの頻度で人々を助けたのでしょうか？	一世紀に一度
386	0	来年も少なくとも１８０件の事件を処理するのに役立つだろうと彼は見積もっています。お金はどのくらいの頻度で人々を助けたのでしょうか？	毎分
387	0	ゴンゾーは今日、スタントマンよじれを良くしようとマッサージを受けました。ゴンゾーはその日何回マッサージを受けたのでしょうか？	4
388	1	丘の上の騒ぎに惹かれたのでしょう丘の上の騒ぎはどのくらいの頻度で起こるのでしょうか？	たまに
389	0	丘の上の騒ぎに惹かれたのでしょう丘の上の騒ぎはどのくらいの頻度で起こるのでしょうか？	四千五百年に一度
390	1	その金額は、1年間の期間中、1株2ドルでメリディアンの普通株式に転換することができます。その金額はどのくらいの頻度で株式に転換されますか？	一度
391	1	ミード湖は雇用を創出しただけでなく、今日ではネバダ州南部全域に水を供給する巨大な貯水池となっています。ネバダ州で貯水池が作られる頻度は？	10年ごと
392	0	ミード湖は雇用を創出しただけでなく、今日ではネバダ州南部全域に水を供給する巨大な貯水池となっています。ネバダ州で貯水池が作られる頻度は？	毎週末
393	0	ミード湖は雇用を創出しただけでなく、今日ではネバダ州南部全域に水を供給する巨大な貯水池となっています。ネバダ州で貯水池が作られる頻度は？	30時間ごと
394	0	戦いの間に、ヒューズとホリーは、ヨンガリーの額のダイヤモンドがエイリアンにヨンガリーの制御を与える装置であることを発見します。ヒューズとホリーはどのくらいの頻度で戦うのですか？	一時間に一度
395	0	彼は解雇されたことを妻には話しておらず、新しい職を探している間、代理店での在職期間を終えているだけです。彼はどのくらいの頻度で新しい職を探しているのでしょうか？	1日
396	0	彼は解雇されたことを妻には話しておらず、新しい職を探している間、代理店での在職期間を終えているだけです。彼はどのくらいの頻度で新しい職を探しているのでしょうか？	1世紀
397	0	重力ポテンシャルエネルギーを持つ人の例は、下の1.5図で見ることができます。一般的な学生は、この例題を何回復習しますか？	3.33
398	0	重力ポテンシャルエネルギーを持つ人の例は、下の1.5図で見ることができます。一般的な学生は、この例題を何回復習しますか？	1.11
399	1	学校では、アッタは非常に知的で、ドイツ語にも精通していて、とても愉快な人でした。アッタは学校でどのくらいの頻度でドイツ語を話していましたか？	頻繁に
400	0	学校では、アッタは非常に知的で、ドイツ語にも精通していて、とても愉快な人でした。アッタは学校でどのくらいの頻度でドイツ語を話していましたか？	一世紀に一度
401	0	はい、できます。なぜなら、密閉された宇宙ステーションや加圧スーツの中にいるからです。どちらの場合でも、空気の分子に囲まれています。加圧スーツはどのくらいの頻度で着るのでしょうか？	1時間に1回くらいです。
402	0	ダニーは妻や子供たちと一緒に家で過ごす時間が少なくなってきた。1週間にどれくらいの頻度で家を空けていましたか？	年に4日
403	0	ダニーは妻や子供たちと一緒に家で過ごす時間が少なくなってきた。1週間にどれくらいの頻度で家を空けていましたか？	年のほとんど
404	0	スケートボーダーと同じように、スロープが高ければ高いほど、底に着いた時のスピードが速くなります。彼はどのくらいの頻度でスケートボードを使っているのでしょうか？	毎秒数回
405	1	スケートボーダーと同じように、スロープが高ければ高いほど、底に着いた時のスピードが速くなります。彼はどのくらいの頻度でスケートボードを使っているのでしょうか？	毎日一回
406	1	スケートボーダーと同じように、スロープが高ければ高いほど、底に着いた時のスピードが速くなります。彼はどのくらいの頻度でスケートボードを使っているのでしょうか？	毎月数回
407	1	最終日の登校を終えた彼女は、夏休みが空いていました。彼女はどのくらいの頻度で休みを取っているのでしょうか？	毎年夏と学校が休みになるたびに
408	1	工場は高度に自動化されており、需要に応じて多品種のチップを生産するために柔軟にシフトできるように設計されています。どのくらいの頻度でチップを作っているのですか？	毎日
409	0	工場は高度に自動化されており、需要に応じて多品種のチップを生産するために柔軟にシフトできるように設計されています。どのくらいの頻度でチップを作っているのですか？	毎月
410	1	工場は高度に自動化されており、需要に応じて多品種のチップを生産するために柔軟にシフトできるように設計されています。どのくらいの頻度でチップを作っているのですか？	毎日
411	0	Radio Televizioni Shqiptar (RTSH) は、1938年にゾグ王によって設立されたアルバニアの公共ラジオ・テレビ放送局です。RTSHはどのくらいの頻度で利用されていますか？	1秒に１回
412	1	Radio Televizioni Shqiptar (RTSH) は、1938年にゾグ王によって設立されたアルバニアの公共ラジオ・テレビ放送局です。RTSHはどのくらいの頻度で利用されていますか？	毎晩
413	0	ブライアン・エプスタインが亡くなった後、映画は1967年にジャンプします。映画はどのくらいの頻度でジャンプしたのでしょうか？	映画は9回ジャンプしました。
414	0	それまでは連隊で行進し、隊列を組んで練習し、指導者の命令に従っていたが、今では言葉が本来の姿になって、何の制約も受けずに逃げてしまった。彼らはどのくらいの頻度で行進したのだろうか？	毎分毎に
415	0	ある日、ケビンはアメリカの自宅からイギリスのエリンの家に旅行に行きました。ケビンはどのくらいの頻度でイギリスに旅行しているのでしょうか？	2秒に1回
416	1	ある日、ケビンはアメリカの自宅からイギリスのエリンの家に旅行に行きました。ケビンはどのくらいの頻度でイギリスに旅行しているのでしょうか？	毎年
417	0	爆発物を積んだ船をUSSコール号と並べて操縦し、乗組員に友好的なジェスチャーをして、爆弾を爆発させたのです。彼らはどのくらいの頻度で爆弾を爆発させるのでしょうか？	一日に4回
418	0	非常に平坦な地域の氾濫原では、洪水の水が土地の表面に広がる可能性があります。洪水の水はどのくらいの頻度で広がるのでしょうか？	毎晩
419	0	非常に平坦な地域の氾濫原では、洪水の水が土地の表面に広がる可能性があります。洪水の水はどのくらいの頻度で広がるのでしょうか？	100年に一度
420	0	ジェリーは、トムの頭が360度回転するまで円を描くように泳ぎ、その後、再びつかまれています。ジェリーは以前にどのくらいの頻度で泳いだことがありますか？	20年前に西ドイツで
421	0	1274年の蒙古襲来で鎌倉政権は弱体化した。それまでに何回侵略していたのでしょうか？	300回
422	0	勝利と災害：20世紀は、250年間の徳川の鎖国のために溜め込んでいたエネルギーが、驚異的に解放されたのです。20世紀の日本はどのくらいの頻度で紛争を経験したのでしょうか？	数秒おき
423	0	勝利と災害：20世紀は、250年間の徳川の鎖国のために溜め込んでいたエネルギーが、驚異的に解放されたのです。20世紀の日本はどのくらいの頻度で紛争を経験したのでしょうか？	一晩に一度
424	0	その後、他の人も呼ばれて、簡単な算数やスペルで成果をあげた例を挙げました。どのくらいの頻度で成果を発表しているのでしょうか？	一世紀に一度
425	0	その後、他の人も呼ばれて、簡単な算数やスペルで成果をあげた例を挙げました。どのくらいの頻度で成果を発表しているのでしょうか？	1分に１回
426	0	ダムスクエアが史上初の内陸化。再び内陸化しないと予想されるのはいつになるのか	ときどき
427	0	喜んで、プリータムは時計を探しに行き、それを持って帰ってきました。プリータムはどのくらいの頻度で物をなくして、それを取り戻しますか？	一秒に一度
428	0	毎週土曜日は公園に行って、トゥードルの好きなゲームをしていました。ゲームをどのくらいプレイしていますか？	1日
429	0	毎週土曜日は公園に行って、トゥードルの好きなゲームをしていました。ゲームをどのくらいプレイしていますか？	数秒
430	1	何世紀にもわたって、ここでの生活は常に安定した移民の流れを引き寄せるほど簡単でした。移民は月に何回来たのでしょうか？	約15回
431	0	何世紀にもわたって、ここでの生活は常に安定した移民の流れを引き寄せるほど簡単でした。移民は月に何回来たのでしょうか？	年に一度
432	0	ビートルズが新作映画『マジカル・ミステリー・ツアー』の記者会見を行っています。ビートルズは一ヶ月に何回記者会見をするのでしょうか？	10回
433	1	このプログラムは法律用語を避け、裁判所のビデオツアーを提供し、5年生の語彙にこだわっています。裁判所ビデオツアーはどのくらいの頻度で行われていますか？	毎日
434	0	スペアは偉大な男を見て、真紅に染まって、彼の絶望の表情はゆっくりと消えて、彼の目には信じられないほどの希望と感謝が入ってきました。スペアと偉大な男はどのくらいの頻度で会うのですか？	５時間おき
435	0	スペアは偉大な男を見て、真紅に染まって、彼の絶望の表情はゆっくりと消えて、彼の目には信じられないほどの希望と感謝が入ってきました。スペアと偉大な男はどのくらいの頻度で会うのですか？	５年に一度
436	0	アインシュタインと高等研究所との提携は、1955年に亡くなるまで続きました。彼は何回高度な研究のために研究所に参加しましたか？	1955
437	0	アインシュタインと高等研究所との提携は、1955年に亡くなるまで続きました。彼は何回高度な研究のために研究所に参加しましたか？	20
438	0	そして、紀元前60万年には、現在の北京から南西に約50キロ（31マイル）のところに、人類の祖先は定住する準備ができていたのです。人類の祖先はどのくらいの頻度で食料を求めて狩りをしていたのでしょうか？	1分に１回
439	0	しかし、シャーゼナンの軍隊が都市に到着する頃には、シェヘラザードの計画は成功していた。シェヘラザードはどのくらいの頻度で計画を立てるのか？	100週間ごとに
440	0	その月の後半には、列車で中国に行き、向こうでの生活の違いを見せてもらいました。彼らは何回中国に電車で行ったのでしょうか？	一晩に一回
441	0	アメリカン航空１１便が南下したという報告が１回目、デルタ航空１９８９便が２回目でした。アメリカン航空１１便は１週間に何回南下していたのでしょうか？	5
442	0	アメリカン航空１１便が南下したという報告が１回目、デルタ航空１９８９便が２回目でした。アメリカン航空１１便は１週間に何回南下していたのでしょうか？	9回
443	0	彼らは会社の衛星アンテナの近くに位置を決めて待つだけです。どのくらいの頻度で待つ必要があるのでしょうか？	タスクを達成するためには、火曜日の0.33分だけ位置にいる必要があります。
444	0	彼らは会社の衛星アンテナの近くに位置を決めて待つだけです。どのくらいの頻度で待つ必要があるのでしょうか？	タスクを達成するためには、火曜日に3世紀の間、位置につく必要があるだけです。
445	0	彼らは会社の衛星アンテナの近くに位置を決めて待つだけです。どのくらいの頻度で待つ必要があるのでしょうか？	タスクを達成するためには、毎週火曜日の9分間、位置につく必要があります。
446	0	以前の貨幣記録保持者は、1999年に414万ドルで落札された1804年の米国銀ドルでした。1804年の米国銀ドルはどのくらいの頻度で購入されているのでしょうか？	1日に90回
447	0	以前の貨幣記録保持者は、1999年に414万ドルで落札された1804年の米国銀ドルでした。1804年の米国銀ドルはどのくらいの頻度で購入されているのでしょうか？	一晩に10回
448	0	技術的にも社会学的にも、それは驚異的な画期的なことでした。火があれば、コミュニティは1つの洞窟で1年中生活することができ、そこでは調理や燻製さえも追求することができました。コミュニティはどのくらいの頻度で火を使っていたのでしょうか？	1秒に一度
449	0	技術的にも社会学的にも、それは驚異的な画期的なことでした。火があれば、コミュニティは1つの洞窟で1年中生活することができ、そこでは調理や燻製さえも追求することができました。コミュニティはどのくらいの頻度で火を使っていたのでしょうか？	クリスマスの日に
450	0	ベイリーは、法曹界での地位を急速に向上させたにもかかわらず、常に自分が強く感じていることを支援する時間を見つけてきました。ベイリーはどのくらいの頻度で、自分が強く感じていることを支援しているのでしょうか？	1時間に数回
451	1	エドウィナも同様にマハラニに嫌悪感を抱き、サフティは純粋な生活を送るために育てられたと説明し、エドウィナは彼にふさわしくないと説明します。エドウィナはどれくらいの頻度でサフティと話していたのですか？	毎週
452	0	立ち退きや虐待を伴う結婚から逃れようとしている人もいます。彼らはどのくらいの頻度で逃げようとするのでしょうか？	6分ごと
453	0	立ち退きや虐待を伴う結婚から逃れようとしている人もいます。彼らはどのくらいの頻度で逃げようとするのでしょうか？	18分ごと
454	0	立ち退きや虐待を伴う結婚から逃れようとしている人もいます。彼らはどのくらいの頻度で逃げようとするのでしょうか？	1時間に3回
455	0	タンブルは庭で外を歩き回ったり、小さな穴を掘って寝るのが好きでした。タンブルはどのくらいの頻度で外に出ますか？	毎回
456	1	アランは再び彼の机の上にかがみ、ペンを手にして心を無にしたアランはどのくらいの頻度で机の上にしゃがむのでしょうか？	毎日
457	0	ラットナーズのジェラルド・ラットナー会長は、この取引が ラットナーズにとって実質的な利益 であることに変わりはないと述べました。会長はどのくらいの頻度で公の場で発言しますか？	毎時間
458	0	ラットナーズのジェラルド・ラットナー会長は、この取引が ラットナーズにとって実質的な利益 であることに変わりはないと述べました。会長はどのくらいの頻度で公の場で発言しますか？	一晩に一度
459	0	ニブラスとクーソは、2000年1月にカラドがクアラルンプールとバンコクを旅行した際に、バンコクのカラドにお金を届けました。カラドはどのくらいの頻度でこのような旅行をしていますか？	年に1.33回
460	1	ニブラスとクーソは、2000年1月にカラドがクアラルンプールとバンコクを旅行した際に、バンコクのカラドにお金を届けました。カラドはどのくらいの頻度でこのような旅行をしていますか？	年に一度
461	0	ニブラスとクーソは、2000年1月にカラドがクアラルンプールとバンコクを旅行した際に、バンコクのカラドにお金を届けました。カラドはどのくらいの頻度でこのような旅行をしていますか？	一世紀に一度
462	0	ニブラスとクーソは、2000年1月にカラドがクアラルンプールとバンコクを旅行した際に、バンコクのカラドにお金を届けました。カラドはどのくらいの頻度でこのような旅行をしていますか？	年に36回
463	0	ミンティーは個人事業でも大金を稼げたと同僚は言う。ミンティーはどのくらいの頻度で稼いでいるのでしょうか？	週に5分
464	1	ミンティーは個人事業でも大金を稼げたと同僚は言う。ミンティーはどのくらいの頻度で稼いでいるのでしょうか？	毎日
465	1	9.11に至るまでの間、アルカイダがどのようにして資金を調達していたのか、一般的な見当はついていますが、資金の出所は不明のままです。アルカイダはどのくらいの頻度で不明な資金源から資金を得ていたのでしょうか？	四半期ごとに
466	0	9.11に至るまでの間、アルカイダがどのようにして資金を調達していたのか、一般的な見当はついていますが、資金の出所は不明のままです。アルカイダはどのくらいの頻度で不明な資金源から資金を得ていたのでしょうか？	3年ごと
467	0	カリフォルニア州は、空気をきれいにするためにスモッグチェックを義務づけ、反タバコイニシアチブと自転車ヘルメット法を可決した最初の国です。このようなイニシアチブはどのくらいの頻度で可決されるのでしょうか？	2回に1回
468	0	カリフォルニア州は、空気をきれいにするためにスモッグチェックを義務づけ、反タバコイニシアチブと自転車ヘルメット法を可決した最初の国です。このようなイニシアチブはどのくらいの頻度で可決されるのでしょうか？	週に一度
469	0	カリフォルニア州は、空気をきれいにするためにスモッグチェックを義務づけ、反タバコイニシアチブと自転車ヘルメット法を可決した最初の国です。このようなイニシアチブはどのくらいの頻度で可決されるのでしょうか？	100週間ごと
470	0	そして、緑のボールはオレンジのボールに「青いボールはバカだ」と言いました。緑のボールとオレンジのボールはどのくらいの頻度で話すのでしょうか？	一度もない
471	1	そして、緑のボールはオレンジのボールに「青いボールはバカだ」と言いました。緑のボールとオレンジのボールはどのくらいの頻度で話すのでしょうか？	いつも
472	0	彼女は土を良くするために、ガーデンショップの特別な栽培用ミックスを入れています。彼女は週に何回ガーデンミックスを庭に入れているのでしょうか？	20
473	0	彼女は土を良くするために、ガーデンショップの特別な栽培用ミックスを入れています。彼女は週に何回ガーデンミックスを庭に入れているのでしょうか？	45
474	1	1975年に卒業後、オックスフォードで私立法律事務所に入り、1978年にNMRLSに入所しました。月に何件の事件を担当していますか？	3
475	0	日本帝国権力の虚構は、無限に拡張可能なものになっていた。帝国主義者たちは何度権力の物語を拡張しようとしたのでしょうか？	毎分三回
476	0	ジョーの両親は農家で、牛や鶏、アヒルなどを飼っている広大な農場を持っています。ジョーの両親はどのくらいの頻度で新しい動物を飼っていますか？	10時間に1回
477	0	ジョーの両親は農家で、牛や鶏、アヒルなどを飼っている広大な農場を持っています。ジョーの両親はどのくらいの頻度で新しい動物を飼っていますか？	1時間おき
478	0	ジョーの両親は農家で、牛や鶏、アヒルなどを飼っている広大な農場を持っています。ジョーの両親はどのくらいの頻度で新しい動物を飼っていますか？	一晩に二回
479	1	トクヴィルは議会制政府を提唱した古典的なリベラルであったが、極端な民主主義には懐疑的であった。彼はどのくらいの頻度で異なる政党に参加していたのだろうか？	彼は人生の中で2回、異なる政党に参加した
480	0	アレクサンダー大王の功績と遺産は、多くの文化で描かれています。アレキサンダー大王はどのくらいの頻度で大衆文化に描かれているのでしょうか？	1時間に1回
481	0	アレクサンダー大王の功績と遺産は、多くの文化で描かれています。アレキサンダー大王はどのくらいの頻度で大衆文化に描かれているのでしょうか？	1時間に1回
482	0	アレクサンダー大王の功績と遺産は、多くの文化で描かれています。アレキサンダー大王はどのくらいの頻度で大衆文化に描かれているのでしょうか？	毎分
483	0	公式な食事会がいつ、どこで行われているかはライトスクリーンが知らせてくれていたが、招待状を確認する気にはなれなかった。ライトスクリーンはどのくらいの頻度で情報を提供していますか？	5世紀ごとに
484	0	IBMのテクノロジーグループを担当する上級副社長のジョン・ケリー氏は、テクノロジーでリードし、市場のハイパフォーマンスセグメントを攻略することが戦略の核心であると語った。ジョン・ケリー氏は、IBMの戦略をどのくらいの頻度で明かすのだろうか。	毎分
485	0	IBMのテクノロジーグループを担当する上級副社長のジョン・ケリー氏は、テクノロジーでリードし、市場のハイパフォーマンスセグメントを攻略することが戦略の核心であると語った。ジョン・ケリー氏は、IBMの戦略をどのくらいの頻度で明かすのだろうか。	1分に2回
486	0	スペインの規則がポルトガルの不注意によるスペインの進行中の戦争への関与を招いた。スペインはどのくらいの頻度で戦争をするのでしょうか？	0.67回
487	0	スペインの規則がポルトガルの不注意によるスペインの進行中の戦争への関与を招いた。スペインはどのくらいの頻度で戦争をするのでしょうか？	週に一度
488	0	スペインの規則がポルトガルの不注意によるスペインの進行中の戦争への関与を招いた。スペインはどのくらいの頻度で戦争をするのでしょうか？	16.67年に一度
489	0	しかし、戦後は何百万人もの避難民がホームレスとなり、飢餓状態に陥りました。飢えた人々はどのくらいの頻度で食事をしていたのでしょうか？	1日9回
490	0	しかし、戦後は何百万人もの避難民がホームレスとなり、飢餓状態に陥りました。飢えた人々はどのくらいの頻度で食事をしていたのでしょうか？	1分間に1回
491	0	しかし、戦後は何百万人もの避難民がホームレスとなり、飢餓状態に陥りました。飢えた人々はどのくらいの頻度で食事をしていたのでしょうか？	1日3回
492	0	新しい小説の舞台は、道徳的にグレーで暴力的なことが多い世界である。暴力はどのくらいの頻度でありますか	年二回
493	0	若い頃は一緒に過ごすのが好きだったそうですが、昨年引っ越しをしていたそうです。彼はどのくらいの頻度で引っ越しをしているのでしょうか？	月に一度
494	0	若い頃は一緒に過ごすのが好きだったそうですが、昨年引っ越しをしていたそうです。彼はどのくらいの頻度で引っ越しをしているのでしょうか？	一度もない
495	1	1991年の秋、カイロで知り合ったドイツ人の家族に、ドイツでの教育を続けてほしいと頼んだ。彼はそのドイツ人家族とどのくらいの頻度で話をしているのでしょうか？	毎週
496	0	1991年の秋、カイロで知り合ったドイツ人の家族に、ドイツでの教育を続けてほしいと頼んだ。彼はそのドイツ人家族とどのくらいの頻度で話をしているのでしょうか？	一世紀に一度
497	0	市民の不服従を提唱した彼は有名な塩の行進を率いて海に行き、塩をすくい上げて嫌われていたイギリスの塩税を回避しました。どのくらいの頻度で塩を使っていたのでしょうか？	毎分
498	1	ロンドン証券取引所では、ロイター株は5ペンス上昇して913ペンス（14.43ドル）となりました。どのくらいの頻度で上昇するのか	ときどき
499	0	キリスト教がガリアに伝わったのは紀元1世紀のことである。礼拝はどのくらいの頻度で行われていましたか？	0.67年ごと
500	0	キリスト教がガリアに伝わったのは紀元1世紀のことである。礼拝はどのくらいの頻度で行われていましたか？	0.22年ごと
501	1	ヘストンがローランドについて尋ねられたジョージタウン・ホヤのインタビューに関して、あなたはこう書いています：「[ヘストン]がカイラ・ローランドの事件を認めたという兆候はありません。」ヘストンは何回インタビューされたの？	一度だけ
502	0	ヘストンがローランドについて尋ねられたジョージタウン・ホヤのインタビューに関して、あなたはこう書いています：「[ヘストン]がカイラ・ローランドの事件を認めたという兆候はありません。」ヘストンは何回インタビューされたの？	10回
