0	0	私たちは、潜在的なクライアントに私たちのことを知ってもらい、彼らにサービスを提供することに重点を置いてきました、とDudovitz氏は述べています。潜在的なクライアントが利用可能なサービスを知るためにはどのくらいの期間が必要ですか？	広告キャンペーン中の1ヶ月
1	0	ザルコとテイシェイラはマデイラの共同知事に任命され、ペレストレロはポルトサントを授与されました。ザルコとテイシェイラはどれくらいの期間共同知事でしたか？	36年間
2	0	ザルコとテイシェイラはマデイラの共同知事に任命され、ペレストレロはポルトサントを授与されました。ザルコとテイシェイラはどれくらいの期間共同知事でしたか？	4秒間
3	0	ザルコとテイシェイラはマデイラの共同知事に任命され、ペレストレロはポルトサントを授与されました。ザルコとテイシェイラはどれくらいの期間共同知事でしたか？	一世紀
4	1	ザルコとテイシェイラはマデイラの共同知事に任命され、ペレストレロはポルトサントを授与されました。ザルコとテイシェイラはどれくらいの期間共同知事でしたか？	4年間
5	0	英国は、ハプスブルク家の原告の名でジブラルタルを押収し、戦争が終わったときにそれを保持しました。戦争はどのくらいの期間起こりましたか？	一晩
6	0	英国は、ハプスブルク家の原告の名でジブラルタルを押収し、戦争が終わったときにそれを保持しました。戦争はどのくらいの期間起こりましたか？	2秒
7	0	デュラーの父は1502年に亡くなり、母は1513年に亡くなりました。母親の病気の期間は？	６世紀
8	1	デュラーの父は1502年に亡くなり、母は1513年に亡くなりました。母親の病気の期間は？	半年
9	0	デュラーの父は1502年に亡くなり、母は1513年に亡くなりました。母親の病気の期間は？	3世紀
10	0	家庭犬のミカがマーシャからジョーイを奪って食べようとしたことが何度かありました。ミカがジョーイを食べようとするのにかかる時間は？	一年弱
11	0	家庭犬のミカがマーシャからジョーイを奪って食べようとしたことが何度かありました。ミカがジョーイを食べようとするのにかかる時間は？	3時間
12	0	そこでこれからは、マーシャはジョーイがいつでも安全に過ごせるように特別な配慮をすることにしました。ジョーイが無事だったのはどれくらいの時間だったのでしょうか？	3分
13	0	しかし、最近では、アブダロニムスの死よりも早い時期のものである可能性が示唆されています。どのくらいの期間存在していたのでしょうか？	2,000時間
14	0	しかし、最近では、アブダロニムスの死よりも早い時期のものである可能性が示唆されています。どのくらいの期間存在していたのでしょうか？	1秒
15	0	しかし、最近では、アブダロニムスの死よりも早い時期のものである可能性が示唆されています。どのくらいの期間存在していたのでしょうか？	数日
16	1	1930年代の欧州の戦後不況による後退は、重工業を機械製造、冶金、化学分野へと多角化させることで、努力を重ねるきっかけとなった。戦後の不況はどのくらいの期間続いたのでしょうか。	数十年
17	0	1930年代の欧州の戦後不況による後退は、重工業を機械製造、冶金、化学分野へと多角化させることで、努力を重ねるきっかけとなった。戦後の不況はどのくらいの期間続いたのでしょうか。	5週間
18	1	CIAは現在、9.11以前のアルカイダの活動を維持するために年間約3000万ドルの費用がかかっており、この資金のほとんどは寄付によって集められていたと推定しています。アルカイダが3000万ドルを集めるのにどれくらいの時間がかかったのでしょうか？	数年
19	0	CIAは現在、9.11以前のアルカイダの活動を維持するために年間約3000万ドルの費用がかかっており、この資金のほとんどは寄付によって集められていたと推定しています。アルカイダが3000万ドルを集めるのにどれくらいの時間がかかったのでしょうか？	数秒
20	0	怪しい融資制度で彼女を利用した人たちの中には刑務所に送られた人もいました。彼らはどのくらいの期間を刑務所で過ごしたのでしょうか？	１０時間
21	0	怪しい融資制度で彼女を利用した人たちの中には刑務所に送られた人もいました。彼らはどのくらいの期間を刑務所で過ごしたのでしょうか？	一世紀
22	1	彼女はランキプールでかつての恋人トム・ランサムと知り合い、今はアルコール依存症になっている。彼女はどのくらいの期間トムの恋人だったのでしょうか？	2年前
23	1	彼女はランキプールでかつての恋人トム・ランサムと知り合い、今はアルコール依存症になっている。彼女はどのくらいの期間トムの恋人だったのでしょうか？	数年前
24	0	コロンビアでは、国を掌握して民主主義を破壊しようとしている麻薬資金のゲリラの中には、カストロが明らかに支援しているM-19が含まれています。ゲリラはどれくらい長くカストロの支援を受けていたのでしょうか？	1世紀
25	0	コロンビアでは、国を掌握して民主主義を破壊しようとしている麻薬資金のゲリラの中には、カストロが明らかに支援しているM-19が含まれています。ゲリラはどれくらい長くカストロの支援を受けていたのでしょうか？	1泊
26	0	トミーとスージー（兄妹）は、ある日の午後、ママとパパのヤンとディーンと一緒に遊び場に行きました。遊び場にいた時間はどれくらいだったでしょうか？	7秒
27	0	アインシュタインは、量子論と力学（まさに彼が作成に貢献した理論）に不満を持っていた、他の物理学者によって受け入れられているにもかかわらず、神は サイコロで遊んでいない と述べています。アインシュタインは何年物理学に取り組んだのでしょうか？	1シーズン
28	0	アインシュタインは、量子論と力学（まさに彼が作成に貢献した理論）に不満を持っていた、他の物理学者によって受け入れられているにもかかわらず、神は サイコロで遊んでいない と述べています。アインシュタインは何年物理学に取り組んだのでしょうか？	40週間
29	0	アインシュタインは、量子論と力学（まさに彼が作成に貢献した理論）に不満を持っていた、他の物理学者によって受け入れられているにもかかわらず、神は サイコロで遊んでいない と述べています。アインシュタインは何年物理学に取り組んだのでしょうか？	0.11年
30	0	同組織ではすでに人員削減で何人かのスタッフを失い、いくつかのケースを辞退させていると彼女は言いました。組織はどのくらいの期間、スタッフを失っていたのですか？	30年
31	0	同組織ではすでに人員削減で何人かのスタッフを失い、いくつかのケースを辞退させていると彼女は言いました。組織はどのくらいの期間、スタッフを失っていたのですか？	一世紀ごとに
32	0	同組織ではすでに人員削減で何人かのスタッフを失い、いくつかのケースを辞退させていると彼女は言いました。組織はどのくらいの期間、スタッフを失っていたのですか？	90年
33	0	このようにして、最も有力な一族は、日本の封建制の領地となる地域を自分たちのために切り開いたのである。これができるほどの力を持つようになるには、どのくらいの時間が必要だったのでしょうか？	1ヶ月
34	0	夏の豪雨の後、濡れた道路から水蒸気が立ち上るのを見たことがある人は多いでしょう。夏の暴風雨の後、どのくらいの時間で水蒸気が立ち上るのでしょうか？	夏の暴風雨の後、濡れた道路から10日間蒸気が立ち上る
35	0	夏の豪雨の後、濡れた道路から水蒸気が立ち上るのを見たことがある人は多いでしょう。夏の暴風雨の後、どのくらいの時間で水蒸気が立ち上るのでしょうか？	夏の暴風雨の後、濡れた道路から0.4日分の蒸気が立ち上る
36	0	例えば、ケーキをオーブンに入れて、長すぎて放置してしまった場合はどうでしょうか？ケーキをオーブンに入れておく時間はどれくらいでしょうか？	1週間半
37	0	例えば、ケーキをオーブンに入れて、長すぎて放置してしまった場合はどうでしょうか？ケーキをオーブンに入れておく時間はどれくらいでしょうか？	2.22分
38	0	次の日の夜、彼女は寿司、刺身、殻付きの牡蠣、水耕栽培のベッドから摘み取ったばかりの地球人の野菜が入った、きらびやかなストップボックスの山を持って到着しました。彼女はどのくらいの間、いなかったのでしょうか？	8分
39	1	サフティはエスケス卿にエドウィナへの愛を認め、エスケス卿はこの善良な男の窮地に同情するようになりました。サフティはエドウィナを愛して何年になるのでしょうか？	一年
40	0	彼はまた彼のところに来ることを約束します。彼が彼のところに来るのにどのくらいの時間がかかりますか？	1ヶ月
41	0	彼はまた彼のところに来ることを約束します。彼が彼のところに来るのにどのくらいの時間がかかりますか？	900年
42	0	その状況に留まることを余儀なくされているように感じるからですどのくらいの間 彼らは滞在を余儀なくされていると感じますか？	数世紀
43	0	夜な夜な街を徘徊する男を題材にしている毎晩どれくらいの時間街を徘徊しているのでしょうか？	一週間
44	0	夜な夜な街を徘徊する男を題材にしている毎晩どれくらいの時間街を徘徊しているのでしょうか？	毎晩35時間歩き回っています
45	1	しかし、アルジェリア全体の政治運営を直接支配していたわけではない。政治運営の直接支配はどのくらいの期間あったのでしょうか？	一年
46	1	2度目の世界貿易センター崩壊の後、ボストンセンターの管理者は、2機ともローガン空港を出発した大陸横断型767ジェット機であることを認識しました。ボストンセンターの管理者がジェット機を認識するまでにどれくらいの時間がかかったのでしょうか？	5分
47	1	それは巨大で非効率的なもので、彼女はおもちゃにこんなに多くのペソを使うべきではなかったのだが、パパはそれを返品させてくれなかった。おもちゃを買うのにどれくらいの時間を費やしたのでしょうか？	彼女はおもちゃを買うために店で15分を過ごした。
48	1	それは巨大で非効率的なもので、彼女はおもちゃにこんなに多くのペソを使うべきではなかったのだが、パパはそれを返品させてくれなかった。おもちゃを買うのにどれくらいの時間を費やしたのでしょうか？	30分
49	0	ジャクソン、ヴィックスバーグ、ハティスバーグ、オックスフォード、パスカグラの家庭内暴力の生存者は、すべての支援を受けることができます。どのくらいの期間、支援が受けられるのでしょうか？	1秒
50	0	プレゼントの中に自転車が入っているとしたらこの箱に入っているはずだとティムは知っていました。自転車はどれくらいの時間箱の中に入っていましたか？	10秒
51	1	この戦争への嫌悪感から、アインシュタインは作家のアプトンシンクレアと映画スターのチャーリーチャップリンと仲良くなりました。どちらも平和主義で有名です。どのくらいの期間アインシュタインは、その作家と仲良くしたのですか？	彼が死ぬ夜まで
52	0	ディグラーは著名なモデルとなり、ポルノ映画に出演し始めた後、彼のキャリアは飛躍しました。ディグラーがモデルになるのにどれくらいの時間がかかりましたか?	50年
53	0	ディグラーは著名なモデルとなり、ポルノ映画に出演し始めた後、彼のキャリアは飛躍しました。ディグラーがモデルになるのにどれくらいの時間がかかりましたか?	2週間
54	1	ディグラーは著名なモデルとなり、ポルノ映画に出演し始めた後、彼のキャリアは飛躍しました。ディグラーがモデルになるのにどれくらいの時間がかかりましたか?	2年
55	0	ディグラーは著名なモデルとなり、ポルノ映画に出演し始めた後、彼のキャリアは飛躍しました。ディグラーがモデルになるのにどれくらいの時間がかかりましたか?	モデルになるのに0.33ヶ月かかった。
56	0	その間に運命はローの仇を討ち取った。どれくらい長く、彼にはこの敵がいましたか？	２世紀
57	0	その間に運命はローの仇を討ち取った。どれくらい長く、彼にはこの敵がいましたか？	6分
58	0	一方、地所に住んでいる間、ネヴィルさんはその居住者の特にハーバートさんの義理の息子のタルマンさんと、かなりの評判を得ます。ネヴィルさんはどのくらい長く住んでいたのですか？	10秒
59	0	キルゴアは教育学の学士号と修士号を取得し、数年間教職に就いた後、法科大学院に入学しました。学士号取得にはどのくらいの期間がかかりましたか？	2年
60	0	キルゴアは教育学の学士号と修士号を取得し、数年間教職に就いた後、法科大学院に入学しました。学士号取得にはどのくらいの期間がかかりましたか？	8ヶ月
61	0	キルゴアは教育学の学士号と修士号を取得し、数年間教職に就いた後、法科大学院に入学しました。学士号取得にはどのくらいの期間がかかりましたか？	2年
62	0	1930年までには、原材料の生産量は1900年の3倍になり、製造品は12倍に増加し、重工業は成熟に向かって疾走していました。原料生産が2倍になるまでには何年かかったのでしょうか？	100年
63	0	1930年までには、原材料の生産量は1900年の3倍になり、製造品は12倍に増加し、重工業は成熟に向かって疾走していました。原料生産が2倍になるまでには何年かかったのでしょうか？	1年
64	0	そして歩道を飛び跳ねて彼に見せようとしました。どれくらいの時間 歩道を飛び跳ねていたのでしょうか？	5世紀
65	1	デュラーはアルベルティの客観的な美の概念を否定し、多様性に基づく相対主義的な美の概念を提案した。アルベルティが客観的な美の概念を形成するまでに どれくらいの時間がかかったのでしょうか？	5週間
66	0	デュラーはアルベルティの客観的な美の概念を否定し、多様性に基づく相対主義的な美の概念を提案した。アルベルティが客観的な美の概念を形成するまでに どれくらいの時間がかかったのでしょうか？	1時間
67	1	デュラーはアルベルティの客観的な美の概念を否定し、多様性に基づく相対主義的な美の概念を提案した。アルベルティが客観的な美の概念を形成するまでに どれくらいの時間がかかったのでしょうか？	七週間
68	1	ルグリオはニチアとルクレツィアが子供を産むことを切望していることをカリマコスに通知します。彼らはどのくらいの間、子供を産むことを切望しているのでしょうか？	3年
69	0	ルグリオはニチアとルクレツィアが子供を産むことを切望していることをカリマコスに通知します。彼らはどのくらいの間、子供を産むことを切望しているのでしょうか？	二秒
70	0	池の周りを走り回って アヒルに向かって吠えていましたどのくらいの間、アヒルに向かって吠えていたのでしょうか？	数世紀の間
71	0	池の周りを走り回って アヒルに向かって吠えていましたどのくらいの間、アヒルに向かって吠えていたのでしょうか？	数ヶ月間
72	0	池の周りを走り回って アヒルに向かって吠えていましたどのくらいの間、アヒルに向かって吠えていたのでしょうか？	数日間
73	0	彼の生年月日の推定は 1世紀以上の差があります彼が生まれるまでにどのくらいの時間がかかりましたか？	5年
74	1	最初の重要な発見を喜んだポルトガル王室は、すぐに植民地化計画に着手しました。ポルトガル人はどのくらいの時間をかけて新しい領土を植民地化したのでしょうか？	18ヶ月
75	0	最初の重要な発見を喜んだポルトガル王室は、すぐに植民地化計画に着手しました。ポルトガル人はどのくらいの時間をかけて新しい領土を植民地化したのでしょうか？	一週間
76	0	最初の重要な発見を喜んだポルトガル王室は、すぐに植民地化計画に着手しました。ポルトガル人はどのくらいの時間をかけて新しい領土を植民地化したのでしょうか？	1.67分
77	0	スポンティーニの最高のオペラの一つは、たくさん誤って結婚して離婚に熱心なジョン・ミルトンの人生を基にしていますが、彼はエラール家のメンバーを妻に迎えました。ミルトンはどのくらいの期間結婚していたのでしょうか？	90分
78	0	スポンティーニの最高のオペラの一つは、たくさん誤って結婚して離婚に熱心なジョン・ミルトンの人生を基にしていますが、彼はエラール家のメンバーを妻に迎えました。ミルトンはどのくらいの期間結婚していたのでしょうか？	1週間
79	0	スポンティーニの最高のオペラの一つは、たくさん誤って結婚して離婚に熱心なジョン・ミルトンの人生を基にしていますが、彼はエラール家のメンバーを妻に迎えました。ミルトンはどのくらいの期間結婚していたのでしょうか？	1世紀
80	0	スポンティーニの最高のオペラの一つは、たくさん誤って結婚して離婚に熱心なジョン・ミルトンの人生を基にしていますが、彼はエラール家のメンバーを妻に迎えました。ミルトンはどのくらいの期間結婚していたのでしょうか？	5週間
81	0	現在の使用率では、石炭は約300年持つと言われています。この報告書の作成に何日かかったのでしょうか？	180年
82	0	現在の使用率では、石炭は約300年持つと言われています。この報告書の作成に何日かかったのでしょうか？	20年
83	0	しかし、実際には、私たちは経済的価値観だけを気にしているかのように行動することがあまりにも多いのです。私たちはどれくらい長く経済的価値観だけを気にしてきたのでしょうか？	一晩
84	0	マットの上で足を拭いた後、手を伸ばしてドアの真鍮製のノッカーに触れました。マットの上で足を拭いた時間は？	10分
85	0	マットの上で足を拭いた後、手を伸ばしてドアの真鍮製のノッカーに触れました。マットの上で足を拭いた時間は？	10分くらい
86	0	電子スパイ活動は米国企業に年間数十億ドルのコストをかける可能性があるにもかかわらず、ほとんどの企業はまだ予防策を講じていないと専門家は述べています。電子スパイ活動はどれくらい長く行われているのでしょうか？	数ヶ月前から
87	1	電子スパイ活動は米国企業に年間数十億ドルのコストをかける可能性があるにもかかわらず、ほとんどの企業はまだ予防策を講じていないと専門家は述べています。電子スパイ活動はどれくらい長く行われているのでしょうか？	何十年も前から
88	0	電子スパイ活動は米国企業に年間数十億ドルのコストをかける可能性があるにもかかわらず、ほとんどの企業はまだ予防策を講じていないと専門家は述べています。電子スパイ活動はどれくらい長く行われているのでしょうか？	何週間も
89	0	彼女は飲みに行こうとしていて、人混みから抜け出したと言っていました。彼女はどのくらいの時間、バーにいたのでしょうか？	１５日
90	0	彼女は飲みに行こうとしていて、人混みから抜け出したと言っていました。彼女はどのくらいの時間、バーにいたのでしょうか？	２週間
91	0	彼女は飲みに行こうとしていて、人混みから抜け出したと言っていました。彼女はどのくらいの時間、バーにいたのでしょうか？	２年です
92	0	彼女は飲みに行こうとしていて、人混みから抜け出したと言っていました。彼女はどのくらいの時間、バーにいたのでしょうか？	数秒
93	0	アルカイックの原住民は、狩猟と採集の文化を永続的に発展させ始めました。典型的な狩猟にはどのくらいの時間がかかるのでしょうか？	300日
94	0	アルカイックの原住民は、狩猟と採集の文化を永続的に発展させ始めました。典型的な狩猟にはどのくらいの時間がかかるのでしょうか？	900日
95	0	マレーシアで、パウエルは1981年から同国を率いてきたマハティール・モハマド首相と会談した。パウエルは首相に会うためにマレーシアへの渡航にどれくらいの期間を要したのでしょうか？	2人が会うまでに2ヶ月の旅行が必要だった
96	1	マレーシアで、パウエルは1981年から同国を率いてきたマハティール・モハマド首相と会談した。パウエルは首相に会うためにマレーシアへの渡航にどれくらいの期間を要したのでしょうか？	4時間
97	0	トニーとアリーはホップスコッチや縄跳びなど他のゲームが好きだったが、その日は鬼ごっこに参加することになった。鬼ごっこはどのくらいの時間続いたのでしょうか？	30世紀
98	1	トニーとアリーはホップスコッチや縄跳びなど他のゲームが好きだったが、その日は鬼ごっこに参加することになった。鬼ごっこはどのくらいの時間続いたのでしょうか？	15分
99	0	バスに乗ったり、車に乗せられたりしたらどうする？バスに乗った場合、通常どのくらいの時間がかかるのでしょうか？	20日
100	1	バスに乗ったり、車に乗せられたりしたらどうする？バスに乗った場合、通常どのくらいの時間がかかるのでしょうか？	15分くらいで着きます
101	0	バスに乗ったり、車に乗せられたりしたらどうする？バスに乗った場合、通常どのくらいの時間がかかるのでしょうか？	5ヶ月
102	0	同社は、この記録を「いつでも、どこでも、事故のない環境を実現するという当社のコミットメントを反映したもの」とSECのファイリングで述べています。同社はどのくらいの期間、事故のない環境を維持してきたのでしょうか？	前任者の時から
103	0	同社は、この記録を「いつでも、どこでも、事故のない環境を実現するという当社のコミットメントを反映したもの」とSECのファイリングで述べています。同社はどのくらいの期間、事故のない環境を維持してきたのでしょうか？	1時間
104	0	最後は、ラジオを聴きながら走り去っていく。ドライブはどれくらいの長さでしたか？	2秒
105	0	最後は、ラジオを聴きながら走り去っていく。ドライブはどれくらいの長さでしたか？	6年
106	0	最後は、ラジオを聴きながら走り去っていく。ドライブはどれくらいの長さでしたか？	20週間
107	0	避難所にいた人たちは、この許可に基づいて航空機が撃墜されたのではないかと疑問に思った。機体の撃墜にはどのくらいの時間がかかったのでしょうか？	2ヶ月
108	0	避難所にいた人たちは、この許可に基づいて航空機が撃墜されたのではないかと疑問に思った。機体の撃墜にはどのくらいの時間がかかったのでしょうか？	1年
109	0	その間、赤井の妻、のぞみは十三と友達になり、幼い息子の世話を十三に任せようとする。十三はどのくらいの期間、のぞみの息子の世話をしていたのでしょうか？	四世紀
110	1	彼は、より「道徳的に許容される」習慣を守りながら、ダヤックスの海賊行為と首狩りを止めようとした。典型的な海賊行為にはどのくらいの時間がかかるのでしょうか？	1時間以上
111	0	国土安全保障省のリーダーは現在、議会の88の委員会と小委員会に出廷しています。出廷期間は？	数ヶ月
112	1	国土安全保障省のリーダーは現在、議会の88の委員会と小委員会に出廷しています。出廷期間は？	一日以内
113	0	国土安全保障省のリーダーは現在、議会の88の委員会と小委員会に出廷しています。出廷期間は？	3日
114	0	かわいい赤いボールが青いボールに転がって挨拶をしました。赤いボールが青いボールに転がって挨拶するまでにどれくらいの時間がかかりましたか？	135分
115	0	かわいい赤いボールが青いボールに転がって挨拶をしました。赤いボールが青いボールに転がって挨拶するまでにどれくらいの時間がかかりましたか？	30年
116	1	かわいい赤いボールが青いボールに転がって挨拶をしました。赤いボールが青いボールに転がって挨拶するまでにどれくらいの時間がかかりましたか？	10秒
117	0	かわいい赤いボールが青いボールに転がって挨拶をしました。赤いボールが青いボールに転がって挨拶するまでにどれくらいの時間がかかりましたか？	0.22時間
118	1	しかし、ジェイソン・シーゲルが出演した2011年の大ヒット映画『マペッツ』の続編であるこの映画のキッピーなポスターや広告の間には、マペッツのクルーによる独創的な 自撮り があります。映画『マペッツ』の製作にどれくらいの時間がかかったのか？	15ヶ月
119	0	しかし、ジェイソン・シーゲルが出演した2011年の大ヒット映画『マペッツ』の続編であるこの映画のキッピーなポスターや広告の間には、マペッツのクルーによる独創的な 自撮り があります。映画『マペッツ』の製作にどれくらいの時間がかかったのか？	4月1日からの会計年度
120	1	彼らはヤムイモやキビの焼畑農業を実践していましたが、これは土壌を消耗させ、あるジャングルの更地から別のジャングルの更地へと半遊牧民のような生活を強いていました。彼らはどのくらいの期間、一つのジャングルにとどまっていたのでしょうか？	数ヶ月
121	0	9時20分頃、FAA本部の警備担当者が、国防総省など複数の機関とハイジャックの電話会議を設定した。警備担当者がハイジャック電話会議を設定するのに要した時間は？	１秒
122	0	グループは暗殺者に追われ、ロニーとリヤが殺されています。そのグループはどれくらいの時間暗殺者に追われたのでしょうか？	100年
123	1	グループは暗殺者に追われ、ロニーとリヤが殺されています。そのグループはどれくらいの時間暗殺者に追われたのでしょうか？	1時間
124	0	グループは暗殺者に追われ、ロニーとリヤが殺されています。そのグループはどれくらいの時間暗殺者に追われたのでしょうか？	1年
125	0	また、SECのファイリングによると、ニューマンは2010年3月にCEOに就任した際に540万ドルの長期報酬を受け取っているという。ニューマンはどのくらいの期間、会社で働いていましたか？	30分
126	0	また、SECのファイリングによると、ニューマンは2010年3月にCEOに就任した際に540万ドルの長期報酬を受け取っているという。ニューマンはどのくらいの期間、会社で働いていましたか？	毎週
127	0	地元の弁護士会や合併に反対した他の人々からの善意を必要とするいくつかのステップはまだ行われていない。地元の弁護士会と話すのにどれくらいの時間がかかるのか？	ペンシルバニア州弁護士会が地元の弁護士と面談
128	0	彼には不思議に思えたが、去年の春にリビングで茶色い鶏のリンダを見た時ほどではなかった。去年の春、リビングに茶色い鶏のリンダがいたのはどれくらいの期間だったのだろうか。	もう一年
129	0	フランスで多くの同僚や同時代の人を動揺させたこの本は、サルトルとの最後の別れをもたらした。彼の同僚はどのくらいの期間怒るのでしょうか？	彼らは約1世紀の間怒るだろう
130	0	フランスで多くの同僚や同時代の人を動揺させたこの本は、サルトルとの最後の別れをもたらした。彼の同僚はどのくらいの期間怒るのでしょうか？	彼らは約1分間怒るでしょう
131	0	協定にはパラオへの米国の援助も含まれているが、その詳細についてはまだ詰めていないと京田氏は述べた。協定に至るまでにどのくらいの時間がかかったのだろうか。	150分
132	1	地球の歴史の中で、ある時期に非常に特徴的な化石を指標化石と呼びます。化石ができるまでにどれくらいの時間がかかったのでしょうか？	数百万年
133	0	地球の歴史の中で、ある時期に非常に特徴的な化石を指標化石と呼びます。化石ができるまでにどれくらいの時間がかかったのでしょうか？	数百万秒
134	0	ジェリーは桟橋に出て、お気に入りのエサであるチーズを投げます。ジェリーはどのくらいの時間を桟橋で過ごしたのでしょうか？	1世紀
135	0	ジェリーは桟橋に出て、お気に入りのエサであるチーズを投げます。ジェリーはどのくらいの時間を桟橋で過ごしたのでしょうか？	約一週間
136	0	ジェリーは桟橋に出て、お気に入りのエサであるチーズを投げます。ジェリーはどのくらいの時間を桟橋で過ごしたのでしょうか？	数週間
137	0	ついにルクレツィアと寝たカリマコは、すべてを告白する。カリマコはどれくらいの期間、ルクレツィアを追いかけていたのでしょうか？	数分
138	0	ついにルクレツィアと寝たカリマコは、すべてを告白する。カリマコはどれくらいの期間、ルクレツィアを追いかけていたのでしょうか？	1日
139	1	ついにルクレツィアと寝たカリマコは、すべてを告白する。カリマコはどれくらいの期間、ルクレツィアを追いかけていたのでしょうか？	数ヶ月
140	1	これらのレンジャーは十分によく訓練されていたため、彼らのキャプテンのゲストについて公然と好奇心を持っているようには見えませんでした。レンジャーの訓練にはどのくらいの期間がかかりましたか？	６ヶ月
141	0	ロベルタ・アダムスは、子供の親権のフォームに関する厚いハウツーガイドをスキップし、水曜日にオレンジのラモー司法センターでコンピュータの前に座っていました。ロベルタはどのくらい長くコンピュータの前に座っていましたか？	60時間
142	0	ロベルタ・アダムスは、子供の親権のフォームに関する厚いハウツーガイドをスキップし、水曜日にオレンジのラモー司法センターでコンピュータの前に座っていました。ロベルタはどのくらい長くコンピュータの前に座っていましたか？	12時間
143	0	ロベルタ・アダムスは、子供の親権のフォームに関する厚いハウツーガイドをスキップし、水曜日にオレンジのラモー司法センターでコンピュータの前に座っていました。ロベルタはどのくらい長くコンピュータの前に座っていましたか？	約２年
144	1	靴に顔を近づけると、両親が私への愛の象徴を閉じている間、私は両親が閉じ込めていた空気を深く吸い込んだ。靴の空気を吸い込んだのはどれくらいの期間だったのだろうか。	四秒
145	1	靴に顔を近づけると、両親が私への愛の象徴を閉じている間、私は両親が閉じ込めていた空気を深く吸い込んだ。靴の空気を吸い込んだのはどれくらいの期間だったのだろうか。	五秒
146	1	靴に顔を近づけると、両親が私への愛の象徴を閉じている間、私は両親が閉じ込めていた空気を深く吸い込んだ。靴の空気を吸い込んだのはどれくらいの期間だったのだろうか。	一秒
147	0	靴に顔を近づけると、両親が私への愛の象徴を閉じている間、私は両親が閉じ込めていた空気を深く吸い込んだ。靴の空気を吸い込んだのはどれくらいの期間だったのだろうか。	2.67日
148	0	マハリシ・マヘシ・ヨギに会った後、ビートルズはすぐにロンドンに戻り、記者会見では、彼らがマハリシを信頼したのは間違いだったと言っています。ビートルズはどのくらいの時間マハリシ・マヘシ・ヨギと会いましたか？	2秒
149	0	有罪判決を受けた者の大半は、裁判費用と１００ドルの罰金の支払いを命じられた。法廷にいた時間はどれくらいの長さでしょうか？	数日
150	0	大陸もまた、海の盆地よりもはるかに古いものが多いのです。大陸はどのくらいの期間存在しているのでしょうか？	2億5千万週間
151	1	大陸もまた、海の盆地よりもはるかに古いものが多いのです。大陸はどのくらいの期間存在しているのでしょうか？	2億5千万年
152	0	大陸もまた、海の盆地よりもはるかに古いものが多いのです。大陸はどのくらいの期間存在しているのでしょうか？	１８週間
153	0	大陸もまた、海の盆地よりもはるかに古いものが多いのです。大陸はどのくらいの期間存在しているのでしょうか？	3年
154	0	通信のレターヘッドには、組織が廃止されたとしても、ベア郡法的援助の名前が付けられています。組織はどのくらい活動していたのですか？	10分
155	1	通信のレターヘッドには、組織が廃止されたとしても、ベア郡法的援助の名前が付けられています。組織はどのくらい活動していたのですか？	ほぼ10年間
156	0	化石は、人間がゆっくりと散発的に発展してきたという曖昧な物語を語っています。化石の形成にはどのくらいの時間がかかるのでしょうか？	一夜
157	0	化石は、人間がゆっくりと散発的に発展してきたという曖昧な物語を語っています。化石の形成にはどのくらいの時間がかかるのでしょうか？	10,000秒
158	0	タイポグラフィでは、デュラーはイタリア語の先例を参考にして、ラテン語のアルファベットの幾何学的な構造を表現しています。デュラーが幾何学的な構造を完成させるのにどれくらいの時間がかかるのでしょうか？	デュラーには数世紀かかります
159	1	ジェノバ周辺の地域で、彼は絶望的な事業のように見えたものに近づくために1000人の兵士を登録しました。絶望的な事業にはどれくらいの時間がかかったのでしょうか？	一ヶ月
160	1	ジェノバ周辺の地域で、彼は絶望的な事業のように見えたものに近づくために1000人の兵士を登録しました。絶望的な事業にはどれくらいの時間がかかったのでしょうか？	7週間
161	0	彼らは車に荷物を詰めて図書館に向かい、楽しい朝を迎える準備をしていました。車での移動時間はどれくらいだったでしょうか？	楽しかったよ
162	1	彼らは車に荷物を詰めて図書館に向かい、楽しい朝を迎える準備をしていました。車での移動時間はどれくらいだったでしょうか？	10マイル
163	0	彼が振り向くと、法廷の向こう側で金融業者と速記者の目が合った。どのくらいの間、二人は見つめ合っていたのだろうか？	25日
164	0	彼が振り向くと、法廷の向こう側で金融業者と速記者の目が合った。どのくらいの間、二人は見つめ合っていたのだろうか？	25分
165	0	また、当初のプログラムについても様々な提案をしてくれました。彼の提案にはどのくらいの時間がかかったのでしょうか？	20年
166	0	そうだ、セルフ、この観察では、クローゼットや地下室、倉庫に忘れ去られた食べかけのチーズサンドや、不完全な昆虫採集、幼児の髪の毛などを無視していることも気になる。食べかけのチーズサンドは、どのくらいの期間そこに放置されていたのでしょうか？	一秒
167	0	彼女は、子犬を飼うことができるならば、世話をするのを手伝うと言っていました。彼女はどのくらいの期間、子犬の世話をするのでしょうか？	15秒
168	0	彼女は、子犬を飼うことができるならば、世話をするのを手伝うと言っていました。彼女はどのくらいの期間、子犬の世話をするのでしょうか？	一時間
169	0	彼女は、子犬を飼うことができるならば、世話をするのを手伝うと言っていました。彼女はどのくらいの期間、子犬の世話をするのでしょうか？	0.11日
170	0	歩く時は、食べたものからの化学エネルギーを使います。どのくらいの期間エネルギーを持っていたのでしょうか？	3日
171	0	歩く時は、食べたものからの化学エネルギーを使います。どのくらいの期間エネルギーを持っていたのでしょうか？	20ヶ月
172	0	峡谷の反対側には、同じ岩の層がはっきりと見えます。峡谷の反対側まで徒歩で移動するには、どのくらいの時間がかかりますか？	6秒
173	0	峡谷の反対側には、同じ岩の層がはっきりと見えます。峡谷の反対側まで徒歩で移動するには、どのくらいの時間がかかりますか？	反対側に行くのに1秒かかる
174	1	そして、父親のふりをしてトラクターを運転しているふりをしていた。彼はどのくらいの期間 父親のふりをしていたのでしょうか？	30分
175	1	そして、父親のふりをしてトラクターを運転しているふりをしていた。彼はどのくらいの期間 父親のふりをしていたのでしょうか？	15分くらい
176	0	ビリーはボウルを置いて、そこから食べるために近づいたボウルが倒れるのを待っていました。ボウルから食べるのにどれくらいの時間がかかるのでしょうか？	30世紀
177	1	ビリーはボウルを置いて、そこから食べるために近づいたボウルが倒れるのを待っていました。ボウルから食べるのにどれくらいの時間がかかるのでしょうか？	5分
178	0	ビリーはボウルを置いて、そこから食べるために近づいたボウルが倒れるのを待っていました。ボウルから食べるのにどれくらいの時間がかかるのでしょうか？	ボウルから食べるには35秒かかります。
179	1	エネルギーがないときは、座っているだけでほとんど何もしないことがあります。エネルギーを取り戻すために、どのくらいの時間座っていますか？	30分
180	0	彼は、ショーの到着が迫っていることを知っている美術館のスタッフは数人しかいなかったので、厳しい警備の下で36時間の間に彼の芸術で建物の3つの階を埋めました。ショーはどのくらいの時間続くのでしょうか？	これは１０秒間続くでしょう
181	0	瓶の空気とガラス越しに時計がカチカチと音を立てるのが聞こえました。時計はどのくらいの時間を刻んでいたのでしょうか？	1週間
182	0	瓶の空気とガラス越しに時計がカチカチと音を立てるのが聞こえました。時計はどのくらいの時間を刻んでいたのでしょうか？	9時間
183	0	瓶の空気とガラス越しに時計がカチカチと音を立てるのが聞こえました。時計はどのくらいの時間を刻んでいたのでしょうか？	10時間
184	0	捨てるものの約3分の1は梱包材です。捨てるのにどれくらいの期間がかかりますか？	30年です。
185	0	捨てるものの約3分の1は梱包材です。捨てるのにどれくらいの期間がかかりますか？	3.33年
186	0	メアリーがマックスの名前を呼ぶと、マックスはリスの元を離れ、喜んで尻尾を振ってメアリーの元に戻りました。マックスはどのくらいの時間リスと遊んでいたのでしょうか？	ほぼ１年間です
187	0	メアリーがマックスの名前を呼ぶと、マックスはリスの元を離れ、喜んで尻尾を振ってメアリーの元に戻りました。マックスはどのくらいの時間リスと遊んでいたのでしょうか？	数世紀
188	1	メアリーがマックスの名前を呼ぶと、マックスはリスの元を離れ、喜んで尻尾を振ってメアリーの元に戻りました。マックスはどのくらいの時間リスと遊んでいたのでしょうか？	30分
189	0	特に著者は「支配」と呼ぶものと、「植民地化」と呼ぶものを区別している。著者は、支配と植民地化を区別するのにどのくらいの時間がかかるのでしょうか？	33.33年
190	0	特に著者は「支配」と呼ぶものと、「植民地化」と呼ぶものを区別している。著者は、支配と植民地化を区別するのにどのくらいの時間がかかるのでしょうか？	900年
191	0	同じ量の物質が今も存在しているのだから、物質は保存されていると言えます。この結論を導き出すまでに、どのくらいの期間、物質を研究したのでしょうか？	1時間
192	0	同じ量の物質が今も存在しているのだから、物質は保存されていると言えます。この結論を導き出すまでに、どのくらいの期間、物質を研究したのでしょうか？	1分
193	0	彼らが目を覚ますと、太陽が沈み始めていました。彼らはどのくらいの時間眠っていたのでしょうか？	28時間
194	0	彼らが目を覚ますと、太陽が沈み始めていました。彼らはどのくらいの時間眠っていたのでしょうか？	8週間
195	0	彼らが目を覚ますと、太陽が沈み始めていました。彼らはどのくらいの時間眠っていたのでしょうか？	24時間
196	0	弓矢で狩りをしていた臆病で穏やかな遊牧民は、帆を装備したアウトリガーカヌーに乗ってやってきた頑丈な移民の波によって、海岸から追い出された。移民が遊牧民を追い出すのに どれくらいの時間がかかった？	数分
197	0	レッサムの逮捕に続き、FBIは前代未聞の数の特別な盗聴を要求しました。FBIはどのくらいの時間盗聴をしたいのでしょうか？	１時間とのことです
198	0	1945年のインタビューで、カミュはイデオロギーの関連性を否定した。「いいえ、私は実存主義者ではありません。」1945年のインタビューはどのくらいの時間続いたのですか？	2週間
199	0	1945年のインタビューで、カミュはイデオロギーの関連性を否定した。「いいえ、私は実存主義者ではありません。」1945年のインタビューはどのくらいの時間続いたのですか？	3日間
200	1	これでは二階にいることができなくなってしまった、と彼は前腕の傷跡を指差しながら言った。彼はどのくらいの期間、二階に住んでいたのだろうか。	2ヶ月です
201	1	私たちは「すべての人のための正義」を約束することがありますが、弁護士を雇う余裕がない人にとっては、その約束はしばしば嘘になります。弁護士を雇うにはどのくらいの時間がかかりましたか？	１年
202	1	私たちは「すべての人のための正義」を約束することがありますが、弁護士を雇う余裕がない人にとっては、その約束はしばしば嘘になります。弁護士を雇うにはどのくらいの時間がかかりましたか？	6ヶ月
203	0	私たちは「すべての人のための正義」を約束することがありますが、弁護士を雇う余裕がない人にとっては、その約束はしばしば嘘になります。弁護士を雇うにはどのくらいの時間がかかりましたか？	１時間
204	0	キャンプファイヤーを作る場合は、まず大きな棒や丸太を積み上げるところから始めます。キャンプファイヤーを作るのにどれくらいの時間がかかりますか？	150分
205	1	メリディアン・ナショナル社は普通株750,000株をマカルパイン家の利益のために100万ドル、つまり1株あたり1.35ドルで売却したと述べた。メリディアン・ナショナル社が株式を売却するまでにどれくらいの時間がかかりましたか？	30分
206	0	その後、彼女はかなり気分が良くなって眠りにつきました。彼女は何時間寝ていたのでしょうか？	270分
207	0	その後、彼女はかなり気分が良くなって眠りにつきました。彼女は何時間寝ていたのでしょうか？	8秒
208	0	その後、彼女はかなり気分が良くなって眠りにつきました。彼女は何時間寝ていたのでしょうか？	72
209	1	公式の死者数が女性66人、子供28人、男性20人を含む114人に達したと同省は発表した。死者数がこの数に達するまでにどれくらいの時間がかかりましたか？	3日
210	1	公式の死者数が女性66人、子供28人、男性20人を含む114人に達したと同省は発表した。死者数がこの数に達するまでにどれくらいの時間がかかりましたか？	数日
211	0	公式の死者数が女性66人、子供28人、男性20人を含む114人に達したと同省は発表した。死者数がこの数に達するまでにどれくらいの時間がかかりましたか？	5世紀
212	0	このようにして、他の主要な議会の利害関係者を新しい委員会の仕事にまとめることができる。新委員会の結成にはどのくらいの時間がかかりましたか？	1時間かかりました
213	0	このようにして、他の主要な議会の利害関係者を新しい委員会の仕事にまとめることができる。新委員会の結成にはどのくらいの時間がかかりましたか？	委員会は15分以内に自然発生的に結成された
214	1	このようにして、他の主要な議会の利害関係者を新しい委員会の仕事にまとめることができる。新委員会の結成にはどのくらいの時間がかかりましたか？	2ヶ月
215	0	全国に広がっている公衆衛生の主要な取り組みをその州が最初に可決しました。その取り組みが可決されるまでにどれくらいの時間がかかったのでしょうか？	180年
216	1	全国に広がっている公衆衛生の主要な取り組みをその州が最初に可決しました。その取り組みが可決されるまでにどれくらいの時間がかかったのでしょうか？	6ヶ月
217	0	全国に広がっている公衆衛生の主要な取り組みをその州が最初に可決しました。その取り組みが可決されるまでにどれくらいの時間がかかったのでしょうか？	20秒
218	0	ハミルトンは、自分たちのために自由を要求し、黒人に自由を許すことを拒否しているとして、彼の政敵を攻撃した。ハミルトンはどのくらいの期間、黒人の自由のために戦ったのでしょうか？	50時間
219	1	ハミルトンは、自分たちのために自由を要求し、黒人に自由を許すことを拒否しているとして、彼の政敵を攻撃した。ハミルトンはどのくらいの期間、黒人の自由のために戦ったのでしょうか？	25年
220	0	また、家の裏にある小さな森を通ってかくれんぼをするのも好きでした。どのくらいの期間かくれんぼをしているのでしょうか？	3日
221	0	また、家の裏にある小さな森を通ってかくれんぼをするのも好きでした。どのくらいの期間かくれんぼをしているのでしょうか？	30秒
222	0	私がまだ爆発、乗組員の死、そして救助に巻き込まれていたことを考えると、それはどういうわけか関連性があるようには見えませんでした。爆発にはどのくらいの時間がかかった？	1週間
223	0	それらは非常に平坦な地域で、非常に豊かな土壌を持っています。土壌が豊かになるにはどのくらいの時間がかかりましたか？	3000年です。
224	0	それらは非常に平坦な地域で、非常に豊かな土壌を持っています。土壌が豊かになるにはどのくらいの時間がかかりましたか？	二日
225	0	これとは別に、シタデルは第3四半期に230万ドル（1株当たり68セント）の純損失を計上しましたが、前年同期は530万ドル（1株当たり1.61ドル）の純利益を計上しました。前四半期は何ヶ月でしたか？	9
226	0	これとは別に、シタデルは第3四半期に230万ドル（1株当たり68セント）の純損失を計上しましたが、前年同期は530万ドル（1株当たり1.61ドル）の純利益を計上しました。前四半期は何ヶ月でしたか？	3日
227	1	これとは別に、シタデルは第3四半期に230万ドル（1株当たり68セント）の純損失を計上しましたが、前年同期は530万ドル（1株当たり1.61ドル）の純利益を計上しました。前四半期は何ヶ月でしたか？	3ヶ月
228	0	これとは別に、シタデルは第3四半期に230万ドル（1株当たり68セント）の純損失を計上しましたが、前年同期は530万ドル（1株当たり1.61ドル）の純利益を計上しました。前四半期は何ヶ月でしたか？	12ヶ月
229	1	サラは、その夜博物館を離れているシングルファーザーである管理者のマイケル・ピアースと付き合っています。サラはマイケルとどのくらいの期間付き合っているのでしょうか？	6ヶ月
230	0	サラは、その夜博物館を離れているシングルファーザーである管理者のマイケル・ピアースと付き合っています。サラはマイケルとどのくらいの期間付き合っているのでしょうか？	100年
231	0	これはまだ石器時代のことですが、人々は桑の葉で育てた虫が出す糸で絹を作っていたと考えられています。絹を作るのにどれくらいの時間がかかるのですか？	4年
232	0	これはまだ石器時代のことですが、人々は桑の葉で育てた虫が出す糸で絹を作っていたと考えられています。絹を作るのにどれくらいの時間がかかるのですか？	15年
233	1	クリスティーズでは、アルフレッド・スティグリッツの「Equivalents」シリーズの版画21点のフォリオが、単品で39万6,000ドルで落札されました。この版画が売れるまでにどれくらいの時間がかかったのでしょうか？	10分
234	0	クリスティーズでは、アルフレッド・スティグリッツの「Equivalents」シリーズの版画21点のフォリオが、単品で39万6,000ドルで落札されました。この版画が売れるまでにどれくらいの時間がかかったのでしょうか？	5日
235	1	クリスティーズでは、アルフレッド・スティグリッツの「Equivalents」シリーズの版画21点のフォリオが、単品で39万6,000ドルで落札されました。この版画が売れるまでにどれくらいの時間がかかったのでしょうか？	15分
236	0	彼女は数年前、学校のエルダー・ロー・クリニックで同じような役職に就いていました。彼女はどのくらいの期間その職についていたのでしょうか？	4秒
237	0	彼女は数年前、学校のエルダー・ロー・クリニックで同じような役職に就いていました。彼女はどのくらいの期間その職についていたのでしょうか？	6秒
238	0	彼女は数年前、学校のエルダー・ロー・クリニックで同じような役職に就いていました。彼女はどのくらいの期間その職についていたのでしょうか？	1日
239	0	アレクサンダー2世の死は、改革運動に大きな挫折をもたらした。アレクサンダーの死の影響はどのくらい続いたのでしょうか？	一時間
240	0	消化器の主な器官には、口、食道、胃、小腸・大腸などがあります。食べ物が消化されるまでどのくらいの時間がかかりますか？	数分
241	0	消化器の主な器官には、口、食道、胃、小腸・大腸などがあります。食べ物が消化されるまでどのくらいの時間がかかりますか？	1時間
242	0	ピカソはなんとか建物に入ることができたが、十字架でヌネマーチャーを殺すことはできず、ケインに撃たれて逃げ出した。ピカソが建物に入るのにかかった時間はどれくらいでしょうか？	それは建物を脱出するためにピカソ2日かかった
243	1	ピカソはなんとか建物に入ることができたが、十字架でヌネマーチャーを殺すことはできず、ケインに撃たれて逃げ出した。ピカソが建物に入るのにかかった時間はどれくらいでしょうか？	ピカソが建物に入るのに3分かかった
244	0	ピカソはなんとか建物に入ることができたが、十字架でヌネマーチャーを殺すことはできず、ケインに撃たれて逃げ出した。ピカソが建物に入るのにかかった時間はどれくらいでしょうか？	3秒
245	0	停電中に、家は、以前にジョーを殺してアイリスを誘拐したエイリアンに襲われています。停電はどのくらい続くのですか？	数世紀
246	1	停電中に、家は、以前にジョーを殺してアイリスを誘拐したエイリアンに襲われています。停電はどのくらい続くのですか？	2時間
247	0	停電中に、家は、以前にジョーを殺してアイリスを誘拐したエイリアンに襲われています。停電はどのくらい続くのですか？	一世紀
248	1	彼らは初めて飛行機でヨーロッパを旅し、様々な人や景色を見てきました。彼らの平均的な飛行機の飛行時間はどれくらいだったのでしょうか？	平均6時間でした。
249	0	彼らは初めて飛行機でヨーロッパを旅し、様々な人や景色を見てきました。彼らの平均的な飛行機の飛行時間はどれくらいだったのでしょうか？	2週間
250	0	彼女が去る直前、ターシャは「あなたは芸術のために人生から盗むのよ、ベルナルド」と言った。ターシャはどのくらいの時間話していたのだろうか。	30年です。
251	0	彼女が去る直前、ターシャは「あなたは芸術のために人生から盗むのよ、ベルナルド」と言った。ターシャはどのくらいの時間話していたのだろうか。	800世紀
252	1	この時代の別の主要な論文では、アインシュタインは、ドブロイ波の波動方程式を与えたアインシュタインは、力学のハミルトン-ヤコビ方程式を示唆した。アインシュタインが彼の波動方程式を公開するためにどれくらいの時間がかかったのですか？	6週間
253	0	この時代の別の主要な論文では、アインシュタインは、ドブロイ波の波動方程式を与えたアインシュタインは、力学のハミルトン-ヤコビ方程式を示唆した。アインシュタインが彼の波動方程式を公開するためにどれくらいの時間がかかったのですか？	6分
254	1	この時代の別の主要な論文では、アインシュタインは、ドブロイ波の波動方程式を与えたアインシュタインは、力学のハミルトン-ヤコビ方程式を示唆した。アインシュタインが彼の波動方程式を公開するためにどれくらいの時間がかかったのですか？	10年
255	1	二人は親しい友人になるが、秘密を明らかにしない。友達になるまでにどれくらいの時間がかかりましたか？	2週間
256	0	王子様やお姫様たちは、鳥や虫や花や根っこや貝殻の良さを判断していました。貝殻の良し悪しを判断するのにどれくらいの時間がかかったのでしょうか？	5世紀
257	0	王子様やお姫様たちは、鳥や虫や花や根っこや貝殻の良さを判断していました。貝殻の良し悪しを判断するのにどれくらいの時間がかかったのでしょうか？	5ヶ月
258	0	犬抑留所にいる子犬たちは皆、愛情のこもった家を必要としています。家を見つけるのにどれくらいの時間がかかりますか？	数時間
259	1	犬抑留所にいる子犬たちは皆、愛情のこもった家を必要としています。家を見つけるのにどれくらいの時間がかかりますか？	10日
260	1	犬抑留所にいる子犬たちは皆、愛情のこもった家を必要としています。家を見つけるのにどれくらいの時間がかかりますか？	数週間
261	0	見守る母は、男たちと神の道を学ぶ。母親はどれくらいの期間見ていましたか？	5秒
262	1	昨日の昼過ぎのロンドンでは、ラトナーズ株は2ペンス（1.26セント）上昇し、260ペンス（1.64ドル）となりました。ラトナーズの株はどのくらいの期間上昇したのでしょうか？	9時間
263	0	写真コレクターのロバート・パースキー氏は、企業や美術館は真剣な買い手であり、市場の安定性を高めていると述べています。市場の安定性はどのくらい続くのでしょうか？	市場の安定性は3世紀も続く
264	1	写真コレクターのロバート・パースキー氏は、企業や美術館は真剣な買い手であり、市場の安定性を高めていると述べています。市場の安定性はどのくらい続くのでしょうか？	市場の安定性は3年間続く
265	0	その9ヶ月以上後の2000年10月12日にアルカイダの工作員が爆発物を積んだ小舟で米海軍駆逐艦USSコールを攻撃しました駆逐艦への攻撃にはどのくらいの時間がかかったのでしょうか？	5日
266	0	その9ヶ月以上後の2000年10月12日にアルカイダの工作員が爆発物を積んだ小舟で米海軍駆逐艦USSコールを攻撃しました駆逐艦への攻撃にはどのくらいの時間がかかったのでしょうか？	4時間
267	0	ウォレスはウェストバージニア州アテネに住んでおり、夫のロブ（37歳）、娘のレイチェル（11歳）とクレア（5歳）と一緒に暮らしています。ウォレスはアテネにどれくらいの期間住んでいますか？	５秒
268	0	ウォレスはウェストバージニア州アテネに住んでおり、夫のロブ（37歳）、娘のレイチェル（11歳）とクレア（5歳）と一緒に暮らしています。ウォレスはアテネにどれくらいの期間住んでいますか？	５０時間
269	0	移行があり、[クリニック]は、いくつかの空白を埋めるのに役立っていると、東部地区高等裁判所の管理者であるデニ・バトラーは述べています。移行にはどのくらいの時間がかかりましたか？	1時間
270	1	移行があり、[クリニック]は、いくつかの空白を埋めるのに役立っていると、東部地区高等裁判所の管理者であるデニ・バトラーは述べています。移行にはどのくらいの時間がかかりましたか？	1ヶ月
271	0	シェリーは全てのケージに行き、一匹一匹の子犬の目を見て、一匹一匹に話しかけました。シェリーはどのくらいの時間、子犬たちと話していたのでしょうか？	10時間
272	0	シェリーは全てのケージに行き、一匹一匹の子犬の目を見て、一匹一匹に話しかけました。シェリーはどのくらいの時間、子犬たちと話していたのでしょうか？	25時間
273	1	敵の結束力にダメージを与えたフィリップは、彼の軍隊に前進を命じ、すぐに彼らを追い詰めた。フィリップの軍隊が敵の結束力にダメージを与えるのにどのくらいの時間がかかりましたか？	5時間
274	0	偵察船は、ビロードのような黒さの球体から現れた輝かしい斑点の穴から再び現れた。偵察船はどれくらいの時間、穴の中にいたのでしょうか？	1000年
275	0	偵察船は、ビロードのような黒さの球体から現れた輝かしい斑点の穴から再び現れた。偵察船はどれくらいの時間、穴の中にいたのでしょうか？	20世紀
276	0	偵察船は、ビロードのような黒さの球体から現れた輝かしい斑点の穴から再び現れた。偵察船はどれくらいの時間、穴の中にいたのでしょうか？	2秒
277	1	マッサーガの砦が縮小されたのは、アレクサンダーが足首に重傷を負った血なまぐさい戦闘の数日後のことだった。その戦いは何日続いたのでしょうか？	3日
278	0	マッサーガの砦が縮小されたのは、アレクサンダーが足首に重傷を負った血なまぐさい戦闘の数日後のことだった。その戦いは何日続いたのでしょうか？	3週間
279	0	第三に、クトゥブが神とサタンの間の闘争として考えたものには、中間点は存在しない。神とサタンの間の闘争はどのくらいの期間存在していたのでしょうか？	3時間
280	1	氷河と呼ばれる巨大な氷床が、今日見られる土地に特徴をもたらしました。氷河が土地に特徴をもたらすまでにどのくらいの時間がかかりましたか？	1000年
281	1	氷河と呼ばれる巨大な氷床が、今日見られる土地に特徴をもたらしました。氷河が土地に特徴をもたらすまでにどのくらいの時間がかかりましたか？	2世紀
282	0	彼は30分ほど弾き語りを続けてノートを書き、二階の書斎に行き、エルザが料理を運んできてくれて二週間滞在しました。エルザが食事の準備をするのにかかった時間はどれくらいでしょうか？	5秒
283	0	彼は30分ほど弾き語りを続けてノートを書き、二階の書斎に行き、エルザが料理を運んできてくれて二週間滞在しました。エルザが食事の準備をするのにかかった時間はどれくらいでしょうか？	二十秒
284	0	アナは、スペリングが上手になるように一生懸命勉強しました。アナは毎日どれくらいの時間、スペリングが上手になるために勉強していたのでしょうか？	5秒
285	0	アナは、スペリングが上手になるように一生懸命勉強しました。アナは毎日どれくらいの時間、スペリングが上手になるために勉強していたのでしょうか？	一年間
286	1	アナは、スペリングが上手になるように一生懸命勉強しました。アナは毎日どれくらいの時間、スペリングが上手になるために勉強していたのでしょうか？	90分
287	0	擬テンソルのような非共変オブジェクトの使用は、1917年にエルヴィン・シュレディンガーなどによって強く批判されました。シュレディンガーはどのくらいの期間、疑テンソルに反対していたのでしょうか？	10分
288	0	擬テンソルのような非共変オブジェクトの使用は、1917年にエルヴィン・シュレディンガーなどによって強く批判されました。シュレディンガーはどのくらいの期間、疑テンソルに反対していたのでしょうか？	10週間
289	0	擬テンソルのような非共変オブジェクトの使用は、1917年にエルヴィン・シュレディンガーなどによって強く批判されました。シュレディンガーはどのくらいの期間、疑テンソルに反対していたのでしょうか？	1ヶ月
290	0	井戸は3か月後に蓋をされましたが、何百万バレルもの石油が湾に流出する前ではありませんでした。石油のために湾岸で掘削していた期間はどれくらいだったのでしょうか？	9分です
291	0	もう一つの例としては、私はメイプルストリートとメインストリートの角にいます。どちらの通りも、あなたの町に住んでいる人にとっては参考になるかもしれません。メイプルストリートとメインストリートにはどれくらいの時間留まるのでしょうか？	30時間程度
292	1	「何機かの飛行機を持っている」という発言を思い出し、ボストンセンターはデルタ航空1989便もハイジャックされる可能性があると推測しました。デルタ航空1989便がハイジャックされた時間はどれくらいでしょうか？	25分
293	0	では、光が光沢のある表面に当たった後、光がどこに行くかはどうやって分かるのでしょうか？光が反射する前に光沢のある表面に当たるまでの時間はどれくらいでしょうか？	5分
294	0	では、光が光沢のある表面に当たった後、光がどこに行くかはどうやって分かるのでしょうか？光が反射する前に光沢のある表面に当たるまでの時間はどれくらいでしょうか？	3年
295	0	では、光が光沢のある表面に当たった後、光がどこに行くかはどうやって分かるのでしょうか？光が反射する前に光沢のある表面に当たるまでの時間はどれくらいでしょうか？	5分
296	0	そのきっかけとなったのは、ハミルトン財務長官が「国の財政の将来を確保し、自分の一族が大穀物倉庫と銀行業務で富を作ることを可能にした」ということでした。彼女の一族が財産を築くまでにどれくらいの時間がかかったのでしょうか？	数日
297	0	そのきっかけとなったのは、ハミルトン財務長官が「国の財政の将来を確保し、自分の一族が大穀物倉庫と銀行業務で富を作ることを可能にした」ということでした。彼女の一族が財産を築くまでにどれくらいの時間がかかったのでしょうか？	数ヶ月
298	0	そのきっかけとなったのは、ハミルトン財務長官が「国の財政の将来を確保し、自分の一族が大穀物倉庫と銀行業務で富を作ることを可能にした」ということでした。彼女の一族が財産を築くまでにどれくらいの時間がかかったのでしょうか？	数世紀
299	0	ナンディー二の後をつけていたジャアヌは、ナンディーニに恋をしていると思っていたプリータムを殴りつける。ジャアヌはどれくらいの時間ナンディーニの後をつけていたのでしょうか？	900年
300	0	しかし今回は、匿名のアーティストが英国のブリストル美術館の館長と協力して活動しました。二人はどのくらいの期間、協力して活動していたのでしょうか？	0.67週間
301	1	しかし今回は、匿名のアーティストが英国のブリストル美術館の館長と協力して活動しました。二人はどのくらいの期間、協力して活動していたのでしょうか？	数ヶ月
302	1	半導体の研究開発に年間5億ドル以上を費やしている。研究開発はどのくらい続いているのでしょうか？	18ヶ月です。
303	1	半導体の研究開発に年間5億ドル以上を費やしている。研究開発はどのくらい続いているのでしょうか？	27年です。
304	0	半導体の研究開発に年間5億ドル以上を費やしている。研究開発はどのくらい続いているのでしょうか？	900年です。
305	1	ギャンブルが合法化されたことで、アメリカ全土で合法化が進みました。ギャンブルの合法化にはどのくらいの時間がかかりましたか?	10年
306	0	ギャンブルが合法化されたことで、アメリカ全土で合法化が進みました。ギャンブルの合法化にはどのくらいの時間がかかりましたか?	一日
307	1	そのために、植民地の歴史の中では比較的血の滲むようなエピソードが少なく成功した。成功するまでにどれくらいの時間がかかったのでしょうか？	数百年
308	1	そのために、植民地の歴史の中では比較的血の滲むようなエピソードが少なく成功した。成功するまでにどれくらいの時間がかかったのでしょうか？	1年
309	1	そのために、植民地の歴史の中では比較的血の滲むようなエピソードが少なく成功した。成功するまでにどれくらいの時間がかかったのでしょうか？	3.33年
310	0	一方、カイロ博物館に保管されていたプレムのミイラは、ハスミドがシュラウドの上で神聖な誓いを唱えた時に蘇った。唱えた時間はどれくらいですか？	2.5日
311	0	一方、カイロ博物館に保管されていたプレムのミイラは、ハスミドがシュラウドの上で神聖な誓いを唱えた時に蘇った。唱えた時間はどれくらいですか？	35時間
312	1	サフティ博士は命を救うことにとても忙しいので、病気になったエドウィナを個人的に世話をすることができません。エドウィナが病気になってからどのくらいの時間が経っていますか？	一週間
313	0	サフティ博士は命を救うことにとても忙しいので、病気になったエドウィナを個人的に世話をすることができません。エドウィナが病気になってからどのくらいの時間が経っていますか？	一時間
314	0	2008年の全豪オープン決勝でツォンガを破ったセルビア人は、オーストラリア人の18歳のベルナルド・トミックの夢の舞台に終止符を打った。セルビア人がツォンガを倒すまでにかかった時間はどれくらいでしょうか？	50年
315	0	2008年の全豪オープン決勝でツォンガを破ったセルビア人は、オーストラリア人の18歳のベルナルド・トミックの夢の舞台に終止符を打った。セルビア人がツォンガを倒すまでにかかった時間はどれくらいでしょうか？	9週間
316	0	2008年の全豪オープン決勝でツォンガを破ったセルビア人は、オーストラリア人の18歳のベルナルド・トミックの夢の舞台に終止符を打った。セルビア人がツォンガを倒すまでにかかった時間はどれくらいでしょうか？	1日
317	0	2008年の全豪オープン決勝でツォンガを破ったセルビア人は、オーストラリア人の18歳のベルナルド・トミックの夢の舞台に終止符を打った。セルビア人がツォンガを倒すまでにかかった時間はどれくらいでしょうか？	数週間
318	0	長い目で見れば買うものが少なくなるので、資源だけでなくお金も貯められるようになります。どのくらいの期間でお金を貯めることができますか？	1泊
319	0	長い目で見れば買うものが少なくなるので、資源だけでなくお金も貯められるようになります。どのくらいの期間でお金を貯めることができますか？	2分
320	0	アレクサンダーはその後、マッサーガ、オラ、アオルノスの拠点で戦ったアサケノイと戦いました。アレクサンダーはどのくらいの期間アサケノイと戦ったのでしょうか？	20年
321	0	アレクサンダーはその後、マッサーガ、オラ、アオルノスの拠点で戦ったアサケノイと戦いました。アレクサンダーはどのくらいの期間アサケノイと戦ったのでしょうか？	5秒
322	0	アナはこの最後の単語を綴るだけで優勝していました。この単語のスペルを書くのにどのくらいの時間がかかったのでしょうか？	2世紀
323	0	アナはこの最後の単語を綴るだけで優勝していました。この単語のスペルを書くのにどのくらいの時間がかかったのでしょうか？	5時間
324	1	アナはこの最後の単語を綴るだけで優勝していました。この単語のスペルを書くのにどのくらいの時間がかかったのでしょうか？	20秒
325	1	NMCCはホワイトハウスからユナイテッド航空93便のことを知りました。NMCCがユナイテッド航空93便を知るまでにどれくらいの時間がかかりましたか？	1時間
326	0	NMCCはホワイトハウスからユナイテッド航空93便のことを知りました。NMCCがユナイテッド航空93便を知るまでにどれくらいの時間がかかりましたか？	5年
327	0	我々の調査では、米国内の人物がハイジャック犯に多額の資金援助をしたという信憑性のある証拠はありませんでした。捜査期間はどれくらいでしょうか？	1時間
328	0	我々の調査では、米国内の人物がハイジャック犯に多額の資金援助をしたという信憑性のある証拠はありませんでした。捜査期間はどれくらいでしょうか？	3世紀
329	0	石蹴り遊びや縄跳びが好きなのですが、その日は鬼ごっこがしたかったのです。毎日どのくらいの時間遊んでいるのでしょうか？	1週間
330	0	石蹴り遊びや縄跳びが好きなのですが、その日は鬼ごっこがしたかったのです。毎日どのくらいの時間遊んでいるのでしょうか？	12年
331	0	石蹴り遊びや縄跳びが好きなのですが、その日は鬼ごっこがしたかったのです。毎日どのくらいの時間遊んでいるのでしょうか？	2週間
332	0	石蹴り遊びや縄跳びが好きなのですが、その日は鬼ごっこがしたかったのです。毎日どのくらいの時間遊んでいるのでしょうか？	108時間
333	1	アインシュタインはルイ・ド・ブロイの作品を発見し、最初は懐疑的に受け止められた彼のアイデアを支持しました。どのくらいの期間、アインシュタインはルイの作品を支持しましたか？	数十年
334	0	では、原子の種類が1種類しかない物質を何と呼ぶのでしょうか？科学者が原子を認識するまでに どれくらいの時間がかかったのでしょうか？	200週間
335	0	では、原子の種類が1種類しかない物質を何と呼ぶのでしょうか？科学者が原子を認識するまでに どれくらいの時間がかかったのでしょうか？	数分
336	1	では、原子の種類が1種類しかない物質を何と呼ぶのでしょうか？科学者が原子を認識するまでに どれくらいの時間がかかったのでしょうか？	何世紀も
337	0	オープニングシーンでは、ランディ-モートンはウォルドルフで典型的な金曜日の午後を説明します。彼はどのくらいの時間をウォルドルフで過ごしているのでしょうか？	働きっぱなしの一世紀
338	0	オープニングシーンでは、ランディ-モートンはウォルドルフで典型的な金曜日の午後を説明します。彼はどのくらいの時間をウォルドルフで過ごしているのでしょうか？	働きっぱなしの一分
339	1	イランコントラの悪名高いオリバー・ノースは自分のコンピューターを消したと思っていたが、後にその情報は議会の委員会が読むために回収されたと言っています。コンピューターからデータを取り出すのにどのくらいの時間がかかりましたか？	5時間
340	0	第一次世界大戦と第二次世界大戦の間に学校は不足していた。第一次世界大戦と第二次世界大戦の間にはどのくらいの時間が流れていたのでしょうか？	50世紀
341	1	第一次世界大戦と第二次世界大戦の間に学校は不足していた。第一次世界大戦と第二次世界大戦の間にはどのくらいの時間が流れていたのでしょうか？	21年
342	1	第一次世界大戦と第二次世界大戦の間に学校は不足していた。第一次世界大戦と第二次世界大戦の間にはどのくらいの時間が流れていたのでしょうか？	約20年
343	0	記録によると、9時25分に始まり、CIA、FBI、国務省、司法省、国防省、FAA、ホワイトハウスのシェルターが含まれていました。どのくらい続いたのでしょうか？	一つの王朝
344	1	記録によると、9時25分に始まり、CIA、FBI、国務省、司法省、国防省、FAA、ホワイトハウスのシェルターが含まれていました。どのくらい続いたのでしょうか？	約３時間
345	0	冬が近づくと、葉の色が変わることで反応する植物があります。冬はどのくらい続くのでしょうか？	8分
346	0	冬が近づくと、葉の色が変わることで反応する植物があります。冬はどのくらい続くのでしょうか？	2分
347	0	冬が近づくと、葉の色が変わることで反応する植物があります。冬はどのくらい続くのでしょうか？	8日
348	0	彼はお気に入りの椅子に飛び乗って、マギーがその下を走るのを見下ろした。椅子に飛び乗るのにどれくらいの時間がかかりましたか？	ほんの数時間でした
349	0	彼はお気に入りの椅子に飛び乗って、マギーがその下を走るのを見下ろした。椅子に飛び乗るのにどれくらいの時間がかかりましたか？	2時間です。
350	0	彼はお気に入りの椅子に飛び乗って、マギーがその下を走るのを見下ろした。椅子に飛び乗るのにどれくらいの時間がかかりましたか？	一時間
351	0	マルチネスさんは医師の助手として2つの仕事をしながら、高齢の両親と8歳の息子をサポートしています。マルチネスさんはどのくらいの期間、医師の助手として働いているのでしょうか？	5時間
352	0	マルチネスさんは医師の助手として2つの仕事をしながら、高齢の両親と8歳の息子をサポートしています。マルチネスさんはどのくらいの期間、医師の助手として働いているのでしょうか？	40時間
353	1	フィンリーは、彼の悪行がバイオレットの悪行をはるかに上回っていることを後知恵でのみ認識している。フィンリーが気づくまでにどれくらいの時間がかかったのでしょうか？	2日
354	1	フィンリーは、彼の悪行がバイオレットの悪行をはるかに上回っていることを後知恵でのみ認識している。フィンリーが気づくまでにどれくらいの時間がかかったのでしょうか？	1日
355	0	ランサムは彼女だけでなく、彼への愛を宣言した若いファーン・サイモンの世話をしています。ランサムとファーン・サイモンとの付き合いはどのくらいになるのでしょうか？	一日
356	0	ランサムは彼女だけでなく、彼への愛を宣言した若いファーン・サイモンの世話をしています。ランサムとファーン・サイモンとの付き合いはどのくらいになるのでしょうか？	5週間
357	0	ランサムは彼女だけでなく、彼への愛を宣言した若いファーン・サイモンの世話をしています。ランサムとファーン・サイモンとの付き合いはどのくらいになるのでしょうか？	1シーズン
358	1	1802年に完成したこの家を、彼の祖父アレクサンダーがスコットランドのアーシャーに所有していた土地にちなんで「グランジ」と名付けました。この家を完成させるのにどのくらいの時間がかかったのでしょうか？	数年
359	0	1802年に完成したこの家を、彼の祖父アレクサンダーがスコットランドのアーシャーに所有していた土地にちなんで「グランジ」と名付けました。この家を完成させるのにどのくらいの時間がかかったのでしょうか？	1分
360	0	1802年に完成したこの家を、彼の祖父アレクサンダーがスコットランドのアーシャーに所有していた土地にちなんで「グランジ」と名付けました。この家を完成させるのにどのくらいの時間がかかったのでしょうか？	1ヶ月
361	1	犬は彼に付き添い、フレンドリーに彼の周りを跳ね回りました。犬はどのくらいの期間、彼に付き添っていましたか？	20分
362	1	犬は彼に付き添い、フレンドリーに彼の周りを跳ね回りました。犬はどのくらいの期間、彼に付き添っていましたか？	30分
363	0	例外として、性的暴行や近親相姦、その他の法律違反による妊娠などがあります。妊娠は何ヶ月続きましたか？	9年
364	0	例外として、性的暴行や近親相姦、その他の法律違反による妊娠などがあります。妊娠は何ヶ月続きましたか？	妊娠は11週間続きました。
365	1	例外として、性的暴行や近親相姦、その他の法律違反による妊娠などがあります。妊娠は何ヶ月続きましたか？	全ての妊娠は9ヶ月間続きました。
366	0	彼は以前に犬を見たことがあり、すべての猫も見たことがあり、ヘンリーという名前の黒い犬と一緒に住んでいましたが、茶色の犬は見たことがありませんでした。どのくらいの期間ヘンリーと暮らしていたの？	毎週火曜日
367	1	彼は以前に犬を見たことがあり、すべての猫も見たことがあり、ヘンリーという名前の黒い犬と一緒に住んでいましたが、茶色の犬は見たことがありませんでした。どのくらいの期間ヘンリーと暮らしていたの？	2年
368	0	彼は、『ラ・エンシクロペディア・ヒューマニカ』の彼のエントリーを言い換えれば、『フルラウンド』で等身大のシーンを描くことで、現実の錯覚を強調している。彼の独自のスタイルを確立するのにどのくらいの時間がかかったのでしょうか？	数秒間
369	0	彼は、『ラ・エンシクロペディア・ヒューマニカ』の彼のエントリーを言い換えれば、『フルラウンド』で等身大のシーンを描くことで、現実の錯覚を強調している。彼の独自のスタイルを確立するのにどのくらいの時間がかかったのでしょうか？	アルバム
370	0	彼らが会ったとき、ジョンは彼の父が彼を見捨てたと非難するが、彼の父は「彼はそれをジョンに任せた」と言う。ジョンと父親がどれくらいの時間会っていますか？	30世紀
371	1	彼らが会ったとき、ジョンは彼の父が彼を見捨てたと非難するが、彼の父は「彼はそれをジョンに任せた」と言う。ジョンと父親がどれくらいの時間会っていますか？	1時間
372	0	少女は少し怖くなって引き返そうかと考えていたが、それでも彼らは先に進んだ。少女はどれくらいの時間引き返そうと考えていたのでしょうか？	5週間
373	0	彼はイスラム教徒にとってアメリカ人を殺すのは、他の異教徒を殺すことよりも重要だと主張した。彼はどのくらいの期間主張していた？	1秒
374	0	その結果、地球の地殻が地域やプレートに分かれていることがわかりました。発見にはどのくらいの時間がかかりましたか？	5分
375	0	人は間違った方向に半マイル歩くかもしれません！人はどのくらいの時間を間違った方向に歩いているのでしょうか？	2.78分
376	0	人は間違った方向に半マイル歩くかもしれません！人はどのくらいの時間を間違った方向に歩いているのでしょうか？	25ヶ月
377	0	人は間違った方向に半マイル歩くかもしれません！人はどのくらいの時間を間違った方向に歩いているのでしょうか？	90分
378	0	有罪判決を受けた殺人者セス・バクスターは 振り子の刃の下のテーブルに鎖で繋がれて目を覚ました。セスはどのくらいの期間投獄されるのでしょうか？	2週間
379	0	有罪判決を受けた殺人者セス・バクスターは 振り子の刃の下のテーブルに鎖で繋がれて目を覚ました。セスはどのくらいの期間投獄されるのでしょうか？	0.67年
380	0	彼女は落ち着かない野生の馬マジェスティックの話をし始めました。彼女はどのくらいの期間、その話をしたのでしょうか？	一週間
381	0	彼女は落ち着かない野生の馬マジェスティックの話をし始めました。彼女はどのくらいの期間、その話をしたのでしょうか？	15日
382	0	彼はアルカイダのカンダハル空港からの避難を命じ、まずカブール近郊の砂漠地帯に移動し、次にカウストとジャララバードに移動し、最終的にはカンダハルに戻ってきました。空港の避難にはどのくらいの時間がかかりましたか？	1週間
383	0	その後、常務弁護士、上級弁護士、高齢化対策プロジェクトのディレクターを経て、昇進を果たしました。昇進にはどのくらいの時間がかかりましたか？	1日
384	0	氾濫原とは、洪水の水が引いていくときに豊かな土の層が厚く残っている場所のことです。洪水の水が引くまでにはどのくらいの時間がかかりますか？	10年
385	1	氾濫原とは、洪水の水が引いていくときに豊かな土の層が厚く残っている場所のことです。洪水の水が引くまでにはどのくらいの時間がかかりますか？	15日
386	0	彼らは写真が撮られたとき、ロルフは明らかに自撮りの王様だと言っているのを聞いた。どのくらいの期間写真を撮っていたのでしょうか？	一つの王朝
387	0	彼らは写真が撮られたとき、ロルフは明らかに自撮りの王様だと言っているのを聞いた。どのくらいの期間写真を撮っていたのでしょうか？	5ヶ月
388	0	旅行者の中には、メイン州ポートランドの空港に到着したモハメド・アッタとアブドゥル・アジズ・アル・オマリもいた。旅行者がポートランドに到着するまで どのくらいかかりましたか？	4秒かかりました。
389	0	旅行者の中には、メイン州ポートランドの空港に到着したモハメド・アッタとアブドゥル・アジズ・アル・オマリもいた。旅行者がポートランドに到着するまで どのくらいかかりましたか？	車で2秒
390	0	旅行者の中には、メイン州ポートランドの空港に到着したモハメド・アッタとアブドゥル・アジズ・アル・オマリもいた。旅行者がポートランドに到着するまで どのくらいかかりましたか？	2週間
391	0	彼らのお母さんは、毎週火曜日のおはなしの時間に図書館に行ってもいいと言っていました。お話の時間はどのくらい続いたのでしょうか？	数分
392	0	彼らのお母さんは、毎週火曜日のおはなしの時間に図書館に行ってもいいと言っていました。お話の時間はどのくらい続いたのでしょうか？	1分
393	1	仕事を持っている人でさえ苦しんでいる。：カリフォルニア州の労働者の26％が貧困レベルの賃金を得ている。彼らはどのくらいの期間仕事に就いているのでしょうか？	5年
394	0	タージ・ジャクソンは同誌に語った。ママは私たちが本当の子供時代を過ごせるように、誕生日パーティーや野球、家族でのお出かけなどをしてくれました。タージ・ジャクソンは何年野球をしていたのか？	40年
395	0	タージ・ジャクソンは同誌に語った。ママは私たちが本当の子供時代を過ごせるように、誕生日パーティーや野球、家族でのお出かけなどをしてくれました。タージ・ジャクソンは何年野球をしていたのか？	100年
396	0	面接のその部分に反応しなかったとしても、その時点で事件のことを知っていたことは確かです。面接はどのくらい続いたのですか？	6ヶ月です
397	0	面接のその部分に反応しなかったとしても、その時点で事件のことを知っていたことは確かです。面接はどのくらい続いたのですか？	0.67ヶ月
398	0	面接のその部分に反応しなかったとしても、その時点で事件のことを知っていたことは確かです。面接はどのくらい続いたのですか？	4年
399	0	ユドは答えます、「キリストの御座にあるのはキリストではありません。」ユドはどのくらい教会にいたのですか？	5年
400	0	コリントでフィリップは、スパルタを除くほとんどのギリシャの都市国家を含む「ヘレニズム同盟」（グレコ・ペルシャ戦争の古い反ペルシャ同盟をモデルにしたもの）を設立した。ヘレニズム同盟はどのくらい続いたのでしょうか？	10秒
401	0	コリントでフィリップは、スパルタを除くほとんどのギリシャの都市国家を含む「ヘレニズム同盟」（グレコ・ペルシャ戦争の古い反ペルシャ同盟をモデルにしたもの）を設立した。ヘレニズム同盟はどのくらい続いたのでしょうか？	数千年後
402	1	祖父母は、肉体的、精神的、経済的な負担に加えて、法的な問題に直面しています。祖父母はどのくらいの期間、法的な問題に直面しているのか？	祖父母は5年間法的問題に直面している
403	1	祖父母は、肉体的、精神的、経済的な負担に加えて、法的な問題に直面しています。祖父母はどのくらいの期間、法的な問題に直面しているのか？	2年
404	1	1923年5月17日、ワシントンの財務省ビルの南テラスで、ジェームズ・アール・フレイザー作の像が奉納されました。像の制作にどれくらいの時間がかかったのでしょうか？	約1年
405	0	コロンビア大学のROTC士官候補生と海兵隊員候補生のための学生団体は、アレクサンダー・ハミルトン・ソサエティと名付けられています。通常、学生は何年くらいアレクサンダー・ハミルトン・ソサエティに所属しているのでしょうか？	36年
406	1	コロンビア大学のROTC士官候補生と海兵隊員候補生のための学生団体は、アレクサンダー・ハミルトン・ソサエティと名付けられています。通常、学生は何年くらいアレクサンダー・ハミルトン・ソサエティに所属しているのでしょうか？	4年
407	1	ビリーはタンブルがオートミールを食べるのを見るのが大好きでした。タンブルがオートミールを食べるまでにどれくらいの時間がかかりましたか？	15分
408	1	ビリーはタンブルがオートミールを食べるのを見るのが大好きでした。タンブルがオートミールを食べるまでにどれくらいの時間がかかりましたか？	10分
409	0	アレクサンダーの葬送団がマケドンに向かっている間に、プトレマイオスが葬送団を押収し、一時的にメンフィスに持って行った。メンフィスに行くのにどれくらいの時間がかかったのでしょうか？	数秒
410	0	エレン・ポラックの『性的神話の詩学』（1985年）は、教皇が女性を知性的にも肉体的にも男性よりも劣っているとみなす反フェミニストの伝統に従っていたことを論じている。教皇が反フェミニストの伝統を発動するのにどれくらいの時間がかかったのでしょうか？	2時間
411	0	ウェストバージニア大学法学部の女性党員集会の投票で選ばれ、表彰されました。授賞式の時間はどれくらいでしょうか？	0.11時間
412	0	ウェストバージニア大学法学部の女性党員集会の投票で選ばれ、表彰されました。授賞式の時間はどれくらいでしょうか？	1分
413	0	カジノ事業者は事業内容を見直す必要がありました。彼らはどのくらいの期間営業していたのでしょうか？	15秒
414	0	カジノ事業者は事業内容を見直す必要がありました。彼らはどのくらいの期間営業していたのでしょうか？	1時間
415	0	カジノ事業者は事業内容を見直す必要がありました。彼らはどのくらいの期間営業していたのでしょうか？	5秒
416	0	アーサーは、「では、なぜ」と突っ込みを入れた。「すべてを無視して、この迷信的な、病的な、異教的な戯言に戻るのですか？」アーサーはどのくらい話していたのだろうか？	2秒
417	0	アーサーは、「では、なぜ」と突っ込みを入れた。「すべてを無視して、この迷信的な、病的な、異教的な戯言に戻るのですか？」アーサーはどのくらい話していたのだろうか？	６時間だ
418	0	この土砂は、上流から陸地の一部が浸食されています。土砂の浸食はどのくらい続いていますか？	2分
419	1	彼の民衆は彼を壊そうとしたが、彼は心が荒んでいた。彼の民が彼を壊そうとした時間はどれくらいだったのでしょうか？	数年
420	0	司法省は同日、注意喚起に関する声明を発表した。声明が声に出して読み上げられるまでにどれくらいの時間がかかったのでしょうか？	5日
421	0	司法省は同日、注意喚起に関する声明を発表した。声明が声に出して読み上げられるまでにどれくらいの時間がかかったのでしょうか？	32秒
422	0	司法省は同日、注意喚起に関する声明を発表した。声明が声に出して読み上げられるまでにどれくらいの時間がかかったのでしょうか？	5ヶ月
423	0	9.11テロが起きた時、副大統領の対策本部はちょうど動き出したところだった。9.11テロ後の後始末にはどのくらいの時間がかかったのでしょうか？	9世紀
424	0	ボストンセンターTMU [交通管理ユニット] ここで問題が発生しています問題が発生してどのくらいですか？	2年です。
425	0	ボストンセンターTMU [交通管理ユニット] ここで問題が発生しています問題が発生してどのくらいですか？	問題は青銅器時代以前から発生していました
426	0	鼻の中では、粘液や毛が空気中のホコリなどを閉じ込めています。粘液にホコリなどの粒子を閉じ込めるにはどのくらいの時間がかかるのでしょうか？	5ヶ月
427	0	鼻の中では、粘液や毛が空気中のホコリなどを閉じ込めています。粘液にホコリなどの粒子を閉じ込めるにはどのくらいの時間がかかるのでしょうか？	5日
428	0	ジョンソンは、カリフォルニア州第二地方控訴裁判所の判事です。通常、裁判にはどのくらいの時間がかかりますか？	2分から5分
429	0	イラク戦争の退役軍人で私立探偵のスぺロ・ルーカスを主人公にした新シリーズの第一弾です。シリーズはどのくらい続くのでしょうか？	3日間
430	0	イラク戦争の退役軍人で私立探偵のスぺロ・ルーカスを主人公にした新シリーズの第一弾です。シリーズはどのくらい続くのでしょうか？	1ヶ月です
431	0	イラク戦争の退役軍人で私立探偵のスぺロ・ルーカスを主人公にした新シリーズの第一弾です。シリーズはどのくらい続くのでしょうか？	原油市場を揺るがすイラン・イラク戦争
432	0	私たちの車がエンジンでガソリンを燃やすと、それが運動や熱に変換されます。エンジンは毎日どれくらいの時間、ガソリンを燃やしているのでしょうか。	2秒
433	1	ビンラディンと彼の側近は、アメリカへの攻撃計画の資金調達に大金を必要としませんでした。ビンラディンと側近が攻撃を計画するのに どのくらいの時間がかかりましたか？	1年
434	0	ビンラディンと彼の側近は、アメリカへの攻撃計画の資金調達に大金を必要としませんでした。ビンラディンと側近が攻撃を計画するのに どのくらいの時間がかかりましたか？	3時間
435	0	これらの臓器はすべて連携して働いており、食べたものからエネルギーを得ることができます。臓器が食べ物をエネルギーに変えるのにどれくらいの時間がかかるのでしょうか？	約一週間
436	0	地球がなぜ磁石のように振る舞うのかを知ることができたのは地震計のおかげでした。地球が磁石のように振る舞うのはどのくらいの期間でしょうか？	数年後
437	0	地球がなぜ磁石のように振る舞うのかを知ることができたのは地震計のおかげでした。地球が磁石のように振る舞うのはどのくらいの期間でしょうか？	あと2年間
438	0	地球がなぜ磁石のように振る舞うのかを知ることができたのは地震計のおかげでした。地球が磁石のように振る舞うのはどのくらいの期間でしょうか？	一年間
439	0	到着すると、お城は想像以上に大きく見えました。どれくらい長く城を想像していたのか	二世紀
440	0	到着すると、お城は想像以上に大きく見えました。どれくらい長く城を想像していたのか	三世紀
441	1	例えば、図 2.20 のようなファーマーズ・マーケットで地元の農産物を買うとします。ファーマーズ・マーケットに行くまでにはどのくらいの時間がかかりますか？	20分
442	0	例えば、図 2.20 のようなファーマーズ・マーケットで地元の農産物を買うとします。ファーマーズ・マーケットに行くまでにはどのくらいの時間がかかりますか？	15時間
443	0	リチャード・ブルックウェル警部はクロスと相棒のトミー・ケインを事件現場に呼び出す。クロスと相棒の呼び出しにかかった時間は？	0.4 秒
444	0	リチャード・ブルックウェル警部はクロスと相棒のトミー・ケインを事件現場に呼び出す。クロスと相棒の呼び出しにかかった時間は？	0.2 週間
445	0	アッタとオマリはポートランドからボストンのローガン国際空港に向かう午前6時の便に搭乗しました。飛行時間はどれくらいか？	18時間
446	0	アッタとオマリはポートランドからボストンのローガン国際空港に向かう午前6時の便に搭乗しました。飛行時間はどれくらいか？	７２時間
447	0	私たちが重視してきたのは、潜在的なクライアントに私たちのことを知ってもらい、サービスを提供することだと、デュドヴィッツ氏は述べています。潜在的なクライアントが利用可能なサービスを知るためにはどのくらいの期間が必要ですか？	0.2時間
448	0	私たちが重視してきたのは、潜在的なクライアントに私たちのことを知ってもらい、サービスを提供することだと、デュドヴィッツ氏は述べています。潜在的なクライアントが利用可能なサービスを知るためにはどのくらいの期間が必要ですか？	3週間
449	0	その後、ポルトガル人探検家たちはマカオ（現在のマカオ）、コンゴ、そしてスーダンを含むアフリカの様々な地域に乗り出しました。ポルトガル人はどのくらいの時間をかけて探検したのでしょうか？	過去10年間のそれぞれ
450	1	その後、ポルトガル人探検家たちはマカオ（現在のマカオ）、コンゴ、そしてスーダンを含むアフリカの様々な地域に乗り出しました。ポルトガル人はどのくらいの時間をかけて探検したのでしょうか？	10年
451	0	「おいしい朝ごはんを食べて」と聞いたことがある人は、それが理由です。朝食を食べるのにどのくらいの時間がかかりますか？	10世紀
452	0	「おいしい朝ごはんを食べて」と聞いたことがある人は、それが理由です。朝食を食べるのにどのくらいの時間がかかりますか？	10 日
453	1	「おいしい朝ごはんを食べて」と聞いたことがある人は、それが理由です。朝食を食べるのにどのくらいの時間がかかりますか？	10 分
454	0	殷王朝は、一つの政府の下に一つの中国国家という概念を生み出した。殷王朝はどのくらい続いたのでしょうか？	一年間
455	0	ハンター・ハスから、彼女はミセンハイマーのファイファー大学で学位を取得するために進みました。ハンター・ハスにはどのくらいいたのですか？	36年です。
456	0	ハンター・ハスから、彼女はミセンハイマーのファイファー大学で学位を取得するために進みました。ハンター・ハスにはどのくらいいたのですか？	1世紀
457	0	レーダーの再構成によると、アメリカン７７は、インディアナポリスセンターのレーダースコープ上で、９時５分、最後に知られていた位置の東側に主な標的として再出現しました。アメリカン７７が主な標的として再出現するのにどのくらいの時間がかかったのでしょうか？	一世紀
458	0	その後、彼らは山を越えて旅に出たところから、船に乗ってアフリカやアジアに行った。彼らの山旅はどれくらいの期間だったのでしょうか？	数世紀
459	1	その後、彼らは山を越えて旅に出たところから、船に乗ってアフリカやアジアに行った。彼らの山旅はどれくらいの期間だったのでしょうか？	3週間
460	0	その後、彼らは山を越えて旅に出たところから、船に乗ってアフリカやアジアに行った。彼らの山旅はどれくらいの期間だったのでしょうか？	3秒
461	1	彼女がずっと持っていたので、今はこげ茶色になっています。彼女はどのくらいの時間持っていたのでしょうか？	5年です
462	0	やせ細ったきれいな女性が立ち上がって、両手を前に握りしめた。彼女の手はどれくらいの期間握りしめられていたのでしょうか。	誰かが彼女の手を縛った
463	0	やせ細ったきれいな女性が立ち上がって、両手を前に握りしめた。彼女の手はどれくらいの期間握りしめられていたのでしょうか。	25時間
464	0	やせ細ったきれいな女性が立ち上がって、両手を前に握りしめた。彼女の手はどれくらいの期間握りしめられていたのでしょうか。	女が上司を指名した
465	1	彼がワシントンの被告側弁護士のために働いていないとき、ルーカスは40％の削減のために盗まれた財産を取り戻します。弁護人としての勤務時間はどれくらいですか？	10時間
466	0	彼がワシントンの被告側弁護士のために働いていないとき、ルーカスは40％の削減のために盗まれた財産を取り戻します。弁護人としての勤務時間はどれくらいですか？	10週間
467	0	彼がワシントンの被告側弁護士のために働いていないとき、ルーカスは40％の削減のために盗まれた財産を取り戻します。弁護人としての勤務時間はどれくらいですか？	27時間
468	0	彼がワシントンの被告側弁護士のために働いていないとき、ルーカスは40％の削減のために盗まれた財産を取り戻します。弁護人としての勤務時間はどれくらいですか？	24時間です
469	1	来年も少なくとも１８０件の事件を処理するのに役立つだろうと彼は見積もっています。資金調達にどれくらいの時間がかかりましたか？	一年
470	1	来年も少なくとも１８０件の事件を処理するのに役立つだろうと彼は見積もっています。資金調達にどれくらいの時間がかかりましたか？	資金調達に３週間かかりました
471	0	来年も少なくとも１８０件の事件を処理するのに役立つだろうと彼は見積もっています。資金調達にどれくらいの時間がかかりましたか？	1秒
472	0	ゴンゾーは今日、スタントマンよじれを良くしようとマッサージを受けました。マッサージにはどのくらい時間がかかりましたか？	5時間
473	1	ゴンゾーは今日、スタントマンよじれを良くしようとマッサージを受けました。マッサージにはどのくらい時間がかかりましたか？	一時間
474	0	ゴンゾーは今日、スタントマンよじれを良くしようとマッサージを受けました。マッサージにはどのくらい時間がかかりましたか？	5秒
475	0	ミード湖は雇用を創出しただけでなく、今日ではネバダ州南部全域に水を供給する巨大な貯水池となっています。ミード湖の建設にはどのくらいの時間がかかりましたか？	1日
476	1	ミード湖は雇用を創出しただけでなく、今日ではネバダ州南部全域に水を供給する巨大な貯水池となっています。ミード湖の建設にはどのくらいの時間がかかりましたか？	約1年
477	1	戦いの間に、ヒューズとホリーは、ヨンガリーの額のダイヤモンドがエイリアンにヨンガリーの制御を与える装置であることを発見します。どのくらいの時間の戦いだった？	1時間
478	1	彼は解雇されたことを妻には話しておらず、新しい職を探している間、代理店での在職期間を終えているだけです。彼はどのくらいの期間解雇されていますか？	数週間
479	0	彼は解雇されたことを妻には話しておらず、新しい職を探している間、代理店での在職期間を終えているだけです。彼はどのくらいの期間解雇されていますか？	約1世紀
480	0	重力ポテンシャルエネルギーを持つ人の例は、下の1.5図で見ることができます。その例を勉強するのにどれくらいの時間がかかりますか？	5日間
481	0	重力ポテンシャルエネルギーを持つ人の例は、下の1.5図で見ることができます。その例を勉強するのにどれくらいの時間がかかりますか？	例を研究するのに5世紀かかる
482	0	学校では、アッタは非常に知的で、ドイツ語にも精通していて、とても愉快な人でした。アッタはどのくらいの期間学校にいたのですか？	アタは３世紀に渡って学校に通いました
483	0	学校では、アッタは非常に知的で、ドイツ語にも精通していて、とても愉快な人でした。アッタはどのくらいの期間学校にいたのですか？	一晩
484	1	学校では、アッタは非常に知的で、ドイツ語にも精通していて、とても愉快な人でした。アッタはどのくらいの期間学校にいたのですか？	4年
485	0	はい、できます。なぜなら、密閉された宇宙ステーションや加圧スーツの中にいるからです。どちらの場合でも、空気の分子に囲まれています。スーツはどのくらいの時間加圧されたままなのですか？	数分です
486	0	はい、できます。なぜなら、密閉された宇宙ステーションや加圧スーツの中にいるからです。どちらの場合でも、空気の分子に囲まれています。スーツはどのくらいの時間加圧されたままなのですか？	10ヶ月です
487	0	はい、できます。なぜなら、密閉された宇宙ステーションや加圧スーツの中にいるからです。どちらの場合でも、空気の分子に囲まれています。スーツはどのくらいの時間加圧されたままなのですか？	2分です
488	0	ダニーは妻や子供たちと一緒に家で過ごす時間が少なくなってきた。彼はどのくらいの時間を家で過ごしていたのでしょうか？	月に2時間
489	0	ダニーは妻や子供たちと一緒に家で過ごす時間が少なくなってきた。彼はどのくらいの時間を家で過ごしていたのでしょうか？	1 日あたり 4 秒
490	0	スケートボーダーと同じように、スロープが高ければ高いほど、底に着いた時のスピードが速くなります。スケートボーダーが一番高いスロープを降りるのに、どのくらいの時間がかかるのでしょうか？	10週間
491	1	スケートボーダーと同じように、スロープが高ければ高いほど、底に着いた時のスピードが速くなります。スケートボーダーが一番高いスロープを降りるのに、どのくらいの時間がかかるのでしょうか？	3秒
492	0	最終日の登校を終えた彼女は、夏休みが空いていました。彼女はどのくらいの期間学校に通っていたのでしょうか？	最後の最後の日
493	0	最終日の登校を終えた彼女は、夏休みが空いていました。彼女はどのくらいの期間学校に通っていたのでしょうか？	３分
494	0	工場は高度に自動化されており、需要に応じて多品種のチップを生産するために柔軟にシフトできるように設計されています。工場ではどのくらいの時間をかけてチップを作っているのでしょうか？	12分
495	0	工場は高度に自動化されており、需要に応じて多品種のチップを生産するために柔軟にシフトできるように設計されています。工場ではどのくらいの時間をかけてチップを作っているのでしょうか？	2秒
496	0	Radio Televizioni Shqiptar (RTSH) は、1938年にゾグ王によって設立されたアルバニアの公共ラジオ・テレビ放送局です。RTSHが設立されて何年になりますか？	２秒間
497	0	Radio Televizioni Shqiptar (RTSH) は、1938年にゾグ王によって設立されたアルバニアの公共ラジオ・テレビ放送局です。RTSHが設立されて何年になりますか？	720年です。
498	1	ブライアン・エプスタインが亡くなった後、映画は1967年にジャンプします。映画の上映時間はどれくらいでしたか？	1.5時間
499	0	ブライアン・エプスタインが亡くなった後、映画は1967年にジャンプします。映画の上映時間はどれくらいでしたか？	0.17時間
500	0	ブライアン・エプスタインが亡くなった後、映画は1967年にジャンプします。映画の上映時間はどれくらいでしたか？	12時間
501	0	ブライアン・エプスタインが亡くなった後、映画は1967年にジャンプします。映画の上映時間はどれくらいでしたか？	20秒
502	1	その後、彼女は母親の二番目の夫の名前であるフォンテーヌという芸名を採用しました。母親は二番目の夫とどのくらいの期間結婚していたのでしょうか？	20年
503	1	その後、彼女は母親の二番目の夫の名前であるフォンテーヌという芸名を採用しました。母親は二番目の夫とどのくらいの期間結婚していたのでしょうか？	何年も
504	0	ある日、ケビンはアメリカの自宅からイギリスのエリンの家に旅行に行きました。その旅はどれくらいの時間がかかったのでしょうか？	18秒
505	0	ある日、ケビンはアメリカの自宅からイギリスのエリンの家に旅行に行きました。その旅はどれくらいの時間がかかったのでしょうか？	約1時間
506	0	ある日、ケビンはアメリカの自宅からイギリスのエリンの家に旅行に行きました。その旅はどれくらいの時間がかかったのでしょうか？	162秒
507	0	爆発物を積んだ船をUSSコール号と並べて操縦し、乗組員に友好的なジェスチャーをして、爆弾を爆発させたのです。起爆にはどのくらいの時間がかかったのでしょうか。	３０分
508	1	爆発物を積んだ船をUSSコール号と並べて操縦し、乗組員に友好的なジェスチャーをして、爆弾を爆発させたのです。起爆にはどのくらいの時間がかかったのでしょうか。	3秒
509	0	しかし、和平の妥協条件は彼を苛立たせ、彼は半分だけ自由な国に満足していなかった。彼らが最初の妥協点に達するまでにどのくらいの時間がかかったのでしょうか？	15分
510	0	続いてイエール、アンティーブ、ニースの他の港に到着しました。どのくらいの期間港にいたのですか？	４秒
511	0	続いてイエール、アンティーブ、ニースの他の港に到着しました。どのくらいの期間港にいたのですか？	それぞれの港に９０秒ずついました
512	1	続いてイエール、アンティーブ、ニースの他の港に到着しました。どのくらいの期間港にいたのですか？	４週間
513	0	非常に平坦な地域の氾濫原では、洪水の水が土地の表面に広がる可能性があります。洪水の水が広がるにはどのくらいの時間がかかるのでしょうか？	2世紀
514	0	非常に平坦な地域の氾濫原では、洪水の水が土地の表面に広がる可能性があります。洪水の水が広がるにはどのくらいの時間がかかるのでしょうか？	1年
515	0	スクーカル郡を取り巻くほとんどの郡では、間接的な刑事侮辱に対する罰則は、スクーカル郡の罰則よりもはるかに厳しいとケーシー氏は述べた。周辺の郡で間接的な犯罪者侮辱に与えられる刑期はどのくらいなのでしょうか？	0.5年
516	0	スクーカル郡を取り巻くほとんどの郡では、間接的な刑事侮辱に対する罰則は、スクーカル郡の罰則よりもはるかに厳しいとケーシー氏は述べた。周辺の郡で間接的な犯罪者侮辱に与えられる刑期はどのくらいなのでしょうか？	0.4年
517	0	続くチャエロネアの戦いでは、フィリップは右翼を、アレクサンダーは左翼を指揮し、フィリップの信頼する将軍たちを従えていた。戦いはどのくらい続いたのですか？	戦いは二世紀に及んだ
518	0	ジェリーは、トムの頭が360度回転するまで円を描くように泳ぎ、その後、再びつかまれています。どのくらいの期間ジェリーは円を描くように泳いだのですか？	ジェリーは円で4年間泳いだ
519	0	1274年の蒙古襲来で鎌倉政権は弱体化した。侵略はどのくらい続いたのでしょうか？	二世紀
520	1	1274年の蒙古襲来で鎌倉政権は弱体化した。侵略はどのくらい続いたのでしょうか？	一年
521	0	ある朝の朝食中、彼は思いに耽っているようで、食事を忘れていました。彼はどのくらいの時間考え込んでいたのでしょうか？	それからの20時間
522	0	ある朝の朝食中、彼は思いに耽っているようで、食事を忘れていました。彼はどのくらいの時間考え込んでいたのでしょうか？	それからの2.22年
523	0	ある朝の朝食中、彼は思いに耽っているようで、食事を忘れていました。彼はどのくらいの時間考え込んでいたのでしょうか？	それから180年
524	0	喜んで、プリータムは時計を探しに行き、それを持って帰ってきました。プリータムは時計を探すのにどれくらいの時間がかかったのでしょうか？	時計を手に入れるのに2週間かかりました。
525	0	喜んで、プリータムは時計を探しに行き、それを持って帰ってきました。プリータムは時計を探すのにどれくらいの時間がかかったのでしょうか？	数年
526	0	毎週土曜日は公園に行って、トゥードルの好きなゲームをしていました。ゲームの時間はどれくらい？	270分
527	1	毎週土曜日は公園に行って、トゥードルの好きなゲームをしていました。ゲームの時間はどれくらい？	一時間
528	1	毎週土曜日は公園に行って、トゥードルの好きなゲームをしていました。ゲームの時間はどれくらい？	三十分
529	0	何世紀にもわたって、ここでの生活は常に安定した移民の流れを引き寄せるほど簡単でした。移民は何年もかけて到着したのですか？	はい40年かけました
530	0	何世紀にもわたって、ここでの生活は常に安定した移民の流れを引き寄せるほど簡単でした。移民は何年もかけて到着したのですか？	5日間
531	0	何世紀にもわたって、ここでの生活は常に安定した移民の流れを引き寄せるほど簡単でした。移民は何年もかけて到着したのですか？	何世紀にもわたって
532	0	これらの化石は、この地域全体がかつて海の底にあったことを示しています。この地域はどのくらいの期間、海の底にあったのでしょうか？	1シーズン
533	0	これらの化石は、この地域全体がかつて海の底にあったことを示しています。この地域はどのくらいの期間、海の底にあったのでしょうか？	0.5年
534	0	このプログラムは法律用語を避け、裁判所のビデオツアーを提供し、5年生の語彙にこだわっています。裁判所のビデオツアーの長さは？	5週間
535	0	このプログラムは法律用語を避け、裁判所のビデオツアーを提供し、5年生の語彙にこだわっています。裁判所のビデオツアーの長さは？	5ヶ月
536	0	ポルトガル人とは異なり、オランダ人は、シンガポールと隣のリアウ諸島とともに半島の南半分を支配していたジョホール島のマレー人と取引をすることにしました。オランダ人はどのくらいの期間、ジョホール島のマレー人と取引をしていたのでしょうか？	1秒くらい
537	1	アインシュタインと高等研究所との提携は、1955年に亡くなるまで続きました。どのくらいの間、アインシュタインは、高等研究所の教員だったのですか？	10年
538	0	アインシュタインと高等研究所との提携は、1955年に亡くなるまで続きました。どのくらいの間、アインシュタインは、高等研究所の教員だったのですか？	22世紀
539	1	アインシュタインと高等研究所との提携は、1955年に亡くなるまで続きました。どのくらいの間、アインシュタインは、高等研究所の教員だったのですか？	66ヶ月
540	0	しかし、シャーゼナンの軍隊が都市に到着する頃には、シェヘラザードの計画は成功していた。シャーゼナンの軍隊が都市に到着するまでにどのくらいの時間がかかるだろうか？	一世紀はかかるだろう
541	1	しかし、シャーゼナンの軍隊が都市に到着する頃には、シェヘラザードの計画は成功していた。シャーゼナンの軍隊が都市に到着するまでにどのくらいの時間がかかるだろうか？	六日
542	1	その月の後半には、列車で中国に行き、向こうでの生活の違いを見せてもらいました。彼らはどのくらい中国に滞在していたのですか？	三週間
543	1	その月の後半には、列車で中国に行き、向こうでの生活の違いを見せてもらいました。彼らはどのくらい中国に滞在していたのですか？	二週間
544	0	アメリカン航空１１便が南下したという報告が１回目、デルタ航空１９８９便が２回目でした。アメリカン航空11便はどのくらいの期間南下したのでしょうか？	2年
545	0	アメリカン航空１１便が南下したという報告が１回目、デルタ航空１９８９便が２回目でした。アメリカン航空11便はどのくらいの期間南下したのでしょうか？	4分
546	0	アメリカン航空１１便が南下したという報告が１回目、デルタ航空１９８９便が２回目でした。アメリカン航空11便はどのくらいの期間南下したのでしょうか？	10秒
547	1	彼らは会社の衛星アンテナの近くに位置を決めて待つだけです。彼らが位置を決めるのにどれくらいの時間がかかるでしょうか？	3分
548	0	彼らは会社の衛星アンテナの近くに位置を決めて待つだけです。彼らが位置を決めるのにどれくらいの時間がかかるでしょうか？	2年
549	0	以前の貨幣記録保持者は、1999年に414万ドルで落札された1804年の米国銀ドルでした。1804年の米国銀ドルの入札はどのくらい続いたのでしょうか？	8秒
550	0	技術的にも社会学的にも、それは驚異的な画期的なことでした。火があれば、コミュニティは1つの洞窟で1年中生活することができ、そこでは調理や燻製さえも追求することができました。肉を焼くのにどれくらいの時間がかかったのでしょうか？	5週間
551	0	技術的にも社会学的にも、それは驚異的な画期的なことでした。火があれば、コミュニティは1つの洞窟で1年中生活することができ、そこでは調理や燻製さえも追求することができました。肉を焼くのにどれくらいの時間がかかったのでしょうか？	15週間
552	0	ベイリーは、法曹界での地位を急速に向上させたにもかかわらず、常に自分が強く感じていることを支援する時間を見つけてきました。ベイリーは、司法試験に合格してから現在の地位に就くまでにどのくらいの時間がかかりましたか？	2日
553	1	ベイリーは、法曹界での地位を急速に向上させたにもかかわらず、常に自分が強く感じていることを支援する時間を見つけてきました。ベイリーは、司法試験に合格してから現在の地位に就くまでにどのくらいの時間がかかりましたか？	5年
554	1	エドウィナも同様にマハラニに嫌悪感を抱き、サフティは純粋な生活を送るために育てられたと説明し、エドウィナは彼にふさわしくないと説明します。エドウィナがサフティと知り合ってどのくらいになるのでしょうか？	2年
555	0	エドウィナも同様にマハラニに嫌悪感を抱き、サフティは純粋な生活を送るために育てられたと説明し、エドウィナは彼にふさわしくないと説明します。エドウィナがサフティと知り合ってどのくらいになるのでしょうか？	数時間
556	0	エドウィナも同様にマハラニに嫌悪感を抱き、サフティは純粋な生活を送るために育てられたと説明し、エドウィナは彼にふさわしくないと説明します。エドウィナがサフティと知り合ってどのくらいになるのでしょうか？	数日
557	1	立ち退きや虐待を伴う結婚から逃れようとしている人もいます。彼らが逃げるのに どれくらいの時間がかかるでしょうか？	退去計画を立てるのに何ヶ月もかかることもあります。
558	1	立ち退きや虐待を伴う結婚から逃れようとしている人もいます。彼らが逃げるのに どれくらいの時間がかかるでしょうか？	通常、5ヶ月以内には逃れることができます。
559	1	タンブルは庭で外を歩き回ったり、小さな穴を掘って寝るのが好きでした。タンブルはどのくらいの時間外で遊んでいましたか？	50分
560	0	タンブルは庭で外を歩き回ったり、小さな穴を掘って寝るのが好きでした。タンブルはどのくらいの時間外で遊んでいましたか？	25時間
561	1	アランは再び彼の机の上にかがみ、ペンを手にして心を無にしたアランが机の上にしゃがむのにかかった時間は？	数秒
562	0	ラットナーズのジェラルド・ラットナー会長は、この取引が ラットナーズにとって実質的な利益 であることに変わりはないと述べました。会長はどのくらい話していた？	2世紀
563	0	ラットナーズのジェラルド・ラットナー会長は、この取引が ラットナーズにとって実質的な利益 であることに変わりはないと述べました。会長はどのくらい話していた？	20年
564	1	ニブラスとクーソは、2000年1月にカラドがクアラルンプールとバンコクを旅行した際に、バンコクのカラドにお金を届けました。お金を受け取るのにどのくらいの時間がかかりましたか？	2日
565	0	自然堤防：増水した河川は、河岸に沿って自然堤防を形成することがよくあります。河川が形成されるまでにはどのくらいの時間がかかりますか？	通常、河川は数週間から数十年の時間をかけて形成されます。
566	1	人間のオペレーターは、システムを監視し、エラーをキャッチし、生産工程を微調整して最大限の効率を上げるために存在します。人間のオペレーターはどのくらいの時間、システムを監視しているのでしょうか？	毎日
567	1	人間のオペレーターは、システムを監視し、エラーをキャッチし、生産工程を微調整して最大限の効率を上げるために存在します。人間のオペレーターはどのくらいの時間、システムを監視しているのでしょうか？	1日24時間
568	1	人間のオペレーターは、システムを監視し、エラーをキャッチし、生産工程を微調整して最大限の効率を上げるために存在します。人間のオペレーターはどのくらいの時間、システムを監視しているのでしょうか？	1日24時間
569	1	人間のオペレーターは、システムを監視し、エラーをキャッチし、生産工程を微調整して最大限の効率を上げるために存在します。人間のオペレーターはどのくらいの時間、システムを監視しているのでしょうか？	24時間、機械を監視します。
570	1	ミンティーは個人事業でも大金を稼げたと同僚は言う。ミンティーはどのくらいの期間稼いでいたのでしょうか？	１０年
571	0	ミンティーは個人事業でも大金を稼げたと同僚は言う。ミンティーはどのくらいの期間稼いでいたのでしょうか？	２０時間
572	1	9.11に至るまでの間、アルカイダがどのようにして資金を調達していたのか、一般的な見当はついていますが、資金の出所は不明のままです。アルカイダはどのくらいの期間、資金調達をしていたのでしょうか？	9年
573	1	9.11に至るまでの間、アルカイダがどのようにして資金を調達していたのか、一般的な見当はついていますが、資金の出所は不明のままです。アルカイダはどのくらいの期間、資金調達をしていたのでしょうか？	10年
574	0	カリフォルニア州は、空気をきれいにするためにスモッグチェックを義務づけ、反タバコイニシアチブと自転車ヘルメット法を可決した最初の国です。他の州がこのようなイニシアチブを可決するまでに どれくらいの時間がかかったのでしょうか？	2秒
575	0	カリフォルニア州は、空気をきれいにするためにスモッグチェックを義務づけ、反タバコイニシアチブと自転車ヘルメット法を可決した最初の国です。他の州がこのようなイニシアチブを可決するまでに どれくらいの時間がかかったのでしょうか？	数時間
576	0	そして、緑のボールはオレンジのボールに「青いボールはバカだ」と言いました。緑のボールはどのくらいの期間 オレンジ色のボールと話していたのでしょうか？	数ヶ月
577	0	そして、緑のボールはオレンジのボールに「青いボールはバカだ」と言いました。緑のボールはどのくらいの期間 オレンジ色のボールと話していたのでしょうか？	8年
578	0	そして、緑のボールはオレンジのボールに「青いボールはバカだ」と言いました。緑のボールはどのくらいの期間 オレンジ色のボールと話していたのでしょうか？	数日
579	0	彼女は土を良くするために、ガーデンショップの特別な栽培用ミックスを入れています。栽培用ミックスを庭に入れるのにどれくらいの時間がかかりましたか？	1年
580	0	ジョーの両親は農家で、牛や鶏、アヒルなどを飼っている広大な農場を持っています。ジョーの両親が農家になって何年になりますか？	30日です。
581	0	ジョーの両親は農家で、牛や鶏、アヒルなどを飼っている広大な農場を持っています。ジョーの両親が農家になって何年になりますか？	2世紀
582	0	アレクサンダー大王の功績と遺産は、多くの文化で描かれています。アレクサンダー大王はどのくらいの期間統治していたのでしょうか？	0.33日
583	0	アレクサンダー大王の功績と遺産は、多くの文化で描かれています。アレクサンダー大王はどのくらいの期間統治していたのでしょうか？	1日
584	0	アレクサンダー大王の功績と遺産は、多くの文化で描かれています。アレクサンダー大王はどのくらいの期間統治していたのでしょうか？	12秒
585	0	公式な食事会がいつ、どこで行われているかはライトスクリーンが知らせてくれていたが、招待状を確認する気にはなれなかった。公式の食事会はどのくらい続いたのですか？	1年
586	0	公式な食事会がいつ、どこで行われているかはライトスクリーンが知らせてくれていたが、招待状を確認する気にはなれなかった。公式の食事会はどのくらい続いたのですか？	二年
587	0	５年以上も毎日 虐待事件を扱ってきた ウォーカーさんは言った 被害者を侮辱して脅迫したのは 初めてです昨日ウォーカーは何時間働きましたか？	1
588	0	５年以上も毎日 虐待事件を扱ってきた ウォーカーさんは言った 被害者を侮辱して脅迫したのは 初めてです昨日ウォーカーは何時間働きましたか？	24
589	1	IBMのテクノロジーグループを担当する上級副社長のジョン・ケリー氏は、テクノロジーでリードし、市場のハイパフォーマンスセグメントを攻略することが戦略の核心であると語った。ジョン・ケリー氏の発言時間はどれくらいでしたか？	ジョン・ケリーは5分間話しました
590	0	スペインの規則がポルトガルの不注意によるスペインの進行中の戦争への関与を招いた。スペインはどのくらいの期間戦争をしていたのでしょうか？	スペインは過去0.33年間戦争をしています
591	1	スペインの規則がポルトガルの不注意によるスペインの進行中の戦争への関与を招いた。スペインはどのくらいの期間戦争をしていたのでしょうか？	10年
592	0	しかし、戦後は何百万人もの避難民がホームレスとなり、飢餓状態に陥りました。戦後の期間はどのくらい続いたのでしょうか？	10秒
593	0	新しい小説の舞台は、道徳的にグレーで暴力的なことが多い世界である。どれくらいの期間、暴力的な世界になっていたのか	45分
594	0	新しい小説の舞台は、道徳的にグレーで暴力的なことが多い世界である。どれくらいの期間、暴力的な世界になっていたのか	数時間
595	0	新しい小説の舞台は、道徳的にグレーで暴力的なことが多い世界である。どれくらいの期間、暴力的な世界になっていたのか	20時間
596	0	若い頃は一緒に過ごすのが好きだったそうですが、昨年引っ越しをしていたそうです。引越しにはどのくらいの期間がかかったのでしょうか？	0.22日
597	0	若い頃は一緒に過ごすのが好きだったそうですが、昨年引っ越しをしていたそうです。引越しにはどのくらいの期間がかかったのでしょうか？	2世紀
598	0	若い頃は一緒に過ごすのが好きだったそうですが、昨年引っ越しをしていたそうです。引越しにはどのくらいの期間がかかったのでしょうか？	1時間
599	0	若い頃は一緒に過ごすのが好きだったそうですが、昨年引っ越しをしていたそうです。引越しにはどのくらいの期間がかかったのでしょうか？	0.33週間
600	1	1991年の秋、カイロで知り合ったドイツ人の家族に、ドイツでの教育を続けてほしいと頼んだ。彼はどのくらいの期間、援助を求めるのでしょうか？	数年の間
601	1	1991年の秋、カイロで知り合ったドイツ人の家族に、ドイツでの教育を続けてほしいと頼んだ。彼はどのくらいの期間、援助を求めるのでしょうか？	数年の間
602	1	市民の不服従を提唱した彼は有名な塩の行進を率いて海に行き、塩をすくい上げて嫌われていたイギリスの塩税を回避しました。海への塩の行進はどのくらい続いたのでしょうか？	10日間
603	0	キリスト教がガリアに伝わったのは紀元1世紀のことである。一般的な人にキリスト教が紹介されるまでにどれくらいの時間がかかりましたか？	1分
604	0	ヘストンがローランドについて尋ねられたジョージタウン・ホヤのインタビューに関して、あなたはこう書いています：「[ヘストン]がカイラ・ローランドの事件を認めたという兆候はありません。」インタビューはどのくらい続いたの？	インタビューは4秒だった
605	1	ヘストンがローランドについて尋ねられたジョージタウン・ホヤのインタビューに関して、あなたはこう書いています：「[ヘストン]がカイラ・ローランドの事件を認めたという兆候はありません。」インタビューはどのくらい続いたの？	1時間
